Fecha,Día,Semana,Fase,SESIÓN,Volumen,Ritmo objetivo,Zona FC,1. CALENTAMIENTO (completo),2. SESIÓN PRINCIPAL,3. VUELTA A LA CALMA (completo),4. PM — Fuerza o doble,Rutina diaria (8 min),Nota del coach
2026-07-25,Sábado,Arranque,Fase 2: Base y Umbral,FONDO + final progresivo,15 km,12 km @4:50-5:00 + 3 km bajando a 4:20,Z2 → Z3,"[C3]
1. Movilidad dinámica 5 min con énfasis en cadera y tobillo
2. Los primeros 2 km del fondo a 5:30-5:40
3. ⚑ Esos 2 km CUENTAN dentro del volumen. Nunca salgas a ritmo objetivo desde el km 1.","FONDO + final progresivo
Volumen: 15 km
Ritmo: 12 km @4:50-5:00 + 3 km bajando a 4:20
Zona: Z2 → Z3","[VC3]
1. Último km trotando suave después del tramo progresivo
2. Caminar 5 min + hidratar con electrolitos
3. Estiramiento 6 min
4. Piernas en alto contra la pared 5 min
5. Comida completa dentro de los 30-45 min",— descanso PM —,"Rutina diaria (8 min): movilidad de tobillo 2' · 90/90 de cadera 2' · puente de glúteo x15 · plancha 45"" · respiración diafragmática 2'",Primer fondo del bloque. No lo negocies.
2026-07-26,Domingo,Arranque,Fase 2: Base y Umbral,CUESTAS A — Neuromuscular,8 km total,10 x 12 s cuesta a MÁXIMO,Z1 + picos,"[C4]
1. Movilidad dinámica 5 min
2. Trote 15 min en Z1 — llega a la cuesta caliente de verdad
3. Drills 4 min + 3 rectas progresivas en llano
4. 2 subidas de aproximación: una al 70% y otra al 85%
5. ⚑ CRÍTICO: nunca arranques a MÁXIMO en frío. El riesgo de isquios es real.","CUESTAS A — Neuromuscular
Volumen: 8 km total
Ritmo: 10 x 12 s cuesta a MÁXIMO
Zona: Z1 + picos","[VC4]
1. Trote suave 8 min
2. Estiramiento con énfasis en isquios y gemelos
3. ⚑ Los sprints máximos cargan mucho el tendón. No te lo saltes.",— descanso PM —,"Rutina diaria (8 min): movilidad de tobillo 2' · 90/90 de cadera 2' · puente de glúteo x15 · plancha 45"" · respiración diafragmática 2'",Bajar CAMINANDO 2-3 min. Recuperación completa.
2026-07-27,Lunes,Semana 1 · Base,Fase 2: Base y Umbral,Recuperación,8 km,5:20-5:30,Z1 (<158),"[C1]
1. Movilidad dinámica 5 min: círculos de cadera · balanceo de pierna frontal 10/lado · balanceo lateral 10/lado · círculos de tobillo · rotación de tronco
2. Caminar rápido 3 min
3. Arrancar el trote 30-40 s/km más lento que el objetivo y subir progresivo
4. ⚑ En día fácil NO hacen falta drills ni rectas. El trote es el calentamiento.","Recuperación
Volumen: 8 km
Ritmo: 5:20-5:30
Zona: Z1 (<158)","[VC1]
1. Bajar el ritmo naturalmente los últimos 5 min del rodaje
2. Caminar 3 min
3. Estiramiento suave 30 s c/u: isquios · cuádriceps · gemelo · sóleo · flexor de cadera · glúteo",— descanso PM —,"Rutina diaria (8 min): movilidad de tobillo 2' · 90/90 de cadera 2' · puente de glúteo x15 · plancha 45"" · respiración diafragmática 2'",Soltar piernas del fin de semana.
2026-07-28,Martes,Semana 1 · Base,Fase 2: Base y Umbral,Intervalos de Umbral,4 x 2 km,3:40-3:45,Z4 (177-186),"[C2]
1. Movilidad dinámica 5 min
2. Trote progresivo 15 min (de 5:40 a 5:00). FC no debe pasar 160
3. Drills 5 min: skipping A 2x20 m · skipping B 2x20 m · talón-glúteo 2x20 m · carioca 2x20 m · taloneo rápido 2x20 m
4. 4 rectas progresivas de 80 m — la última al 95% del ritmo de la sesión. Vuelta caminando
5. Pausa 2-3 min: hidratar y respirar
6. ⚑ Si la primera serie es la más rápida del día, calentaste mal.","Intervalos de Umbral
Volumen: 4 x 2 km
Ritmo: 3:40-3:45
Zona: Z4 (177-186)","[VC2]
1. Trote MUY suave 10-12 min a 5:45-6:00 — FC por debajo de 140
2. Caminar 3 min
3. Estiramiento estático 6 min (30-45 s por músculo)
4. Foam roller 5 min: cuádriceps · banda iliotibial · gemelos · glúteos
5. Proteína + carbohidrato dentro de los 45 min
6. ⚑ Saltarte esto es la razón #1 de que un martes duro arruine el miércoles.","FUERZA A — Máxima (45 min)
• Sentadilla trasera 4 x 5 @ 80-85% 1RM
• Peso muerto rumano 3 x 6 @ 75-80%
• Zancada con mancuernas 3 x 8 por pierna
• Elevación de gemelo a 1 pierna 3 x 12
• Plancha frontal 3 x 45 s
• Dead bug 3 x 10 por lado
• → VC5: bici o caminar 5 min + estiramiento 5 min + proteína en 30 min","Rutina diaria (8 min): movilidad de tobillo 2' · 90/90 de cadera 2' · puente de glúteo x15 · plancha 45"" · respiración diafragmática 2'","Fuerza DESPUÉS de correr, mínimo 4 h de separación."
2026-07-29,Miércoles,Semana 1 · Base,Fase 2: Base y Umbral,Rodaje medio,10 km,5:00,Z2 (158-166),"[C1]
1. Movilidad dinámica 5 min: círculos de cadera · balanceo de pierna frontal 10/lado · balanceo lateral 10/lado · círculos de tobillo · rotación de tronco
2. Caminar rápido 3 min
3. Arrancar el trote 30-40 s/km más lento que el objetivo y subir progresivo
4. ⚑ En día fácil NO hacen falta drills ni rectas. El trote es el calentamiento.","Rodaje medio
Volumen: 10 km
Ritmo: 5:00
Zona: Z2 (158-166)","[VC1]
1. Bajar el ritmo naturalmente los últimos 5 min del rodaje
2. Caminar 3 min
3. Estiramiento suave 30 s c/u: isquios · cuádriceps · gemelo · sóleo · flexor de cadera · glúteo",— descanso PM —,"Rutina diaria (8 min): movilidad de tobillo 2' · 90/90 de cadera 2' · puente de glúteo x15 · plancha 45"" · respiración diafragmática 2'",Frenar de verdad. FC techo 166.
2026-07-30,Jueves,Semana 1 · Base,Fase 2: Base y Umbral,Tempo continuo,2 cal + 5 tempo + 2 enf,3:50-3:55,Z3-Z4,"[C2]
1. Movilidad dinámica 5 min
2. Trote progresivo 15 min (de 5:40 a 5:00). FC no debe pasar 160
3. Drills 5 min: skipping A 2x20 m · skipping B 2x20 m · talón-glúteo 2x20 m · carioca 2x20 m · taloneo rápido 2x20 m
4. 4 rectas progresivas de 80 m — la última al 95% del ritmo de la sesión. Vuelta caminando
5. Pausa 2-3 min: hidratar y respirar
6. ⚑ Si la primera serie es la más rápida del día, calentaste mal.","Tempo continuo
Volumen: 2 cal + 5 tempo + 2 enf
Ritmo: 3:50-3:55
Zona: Z3-Z4","[VC2]
1. Trote MUY suave 10-12 min a 5:45-6:00 — FC por debajo de 140
2. Caminar 3 min
3. Estiramiento estático 6 min (30-45 s por músculo)
4. Foam roller 5 min: cuádriceps · banda iliotibial · gemelos · glúteos
5. Proteína + carbohidrato dentro de los 45 min
6. ⚑ Saltarte esto es la razón #1 de que un martes duro arruine el miércoles.","FUERZA B — Pliometría + Core (35 min)
• Salto al cajón 4 x 5 (40-50 cm)
• Salto con contramovimiento 3 x 6
• Bounding / multisaltos 4 x 20 m
• Peso muerto a 1 pierna 3 x 8 por pierna
• Puente de glúteo a 1 pierna 3 x 12
• Pallof press 3 x 10 por lado
• Plancha lateral 3 x 30 s por lado
• → VC5: bici o caminar 5 min + estiramiento 5 min + proteína en 30 min","Rutina diaria (8 min): movilidad de tobillo 2' · 90/90 de cadera 2' · puente de glúteo x15 · plancha 45"" · respiración diafragmática 2'",Completar los 5 km enteros. Sal conservador.
2026-07-31,Viernes,Semana 1 · Base,Fase 2: Base y Umbral,Recuperación,6 km,5:30,Z1,"[C1]
1. Movilidad dinámica 5 min: círculos de cadera · balanceo de pierna frontal 10/lado · balanceo lateral 10/lado · círculos de tobillo · rotación de tronco
2. Caminar rápido 3 min
3. Arrancar el trote 30-40 s/km más lento que el objetivo y subir progresivo
4. ⚑ En día fácil NO hacen falta drills ni rectas. El trote es el calentamiento.","Recuperación
Volumen: 6 km
Ritmo: 5:30
Zona: Z1","[VC1]
1. Bajar el ritmo naturalmente los últimos 5 min del rodaje
2. Caminar 3 min
3. Estiramiento suave 30 s c/u: isquios · cuádriceps · gemelo · sóleo · flexor de cadera · glúteo",— descanso PM —,"Rutina diaria (8 min): movilidad de tobillo 2' · 90/90 de cadera 2' · puente de glúteo x15 · plancha 45"" · respiración diafragmática 2'",Regenerativo estricto. Nada de fuerza hoy.
2026-08-01,Sábado,Semana 1 · Base,Fase 2: Base y Umbral,FONDO + final progresivo,16 km,13 km @4:50 + 3 km bajando a 4:15,Z2 → Z3,"[C3]
1. Movilidad dinámica 5 min con énfasis en cadera y tobillo
2. Los primeros 2 km del fondo a 5:30-5:40
3. ⚑ Esos 2 km CUENTAN dentro del volumen. Nunca salgas a ritmo objetivo desde el km 1.","FONDO + final progresivo
Volumen: 16 km
Ritmo: 13 km @4:50 + 3 km bajando a 4:15
Zona: Z2 → Z3","[VC3]
1. Último km trotando suave después del tramo progresivo
2. Caminar 5 min + hidratar con electrolitos
3. Estiramiento 6 min
4. Piernas en alto contra la pared 5 min
5. Comida completa dentro de los 30-45 min",— descanso PM —,"Rutina diaria (8 min): movilidad de tobillo 2' · 90/90 de cadera 2' · puente de glúteo x15 · plancha 45"" · respiración diafragmática 2'",Semana 1 de 8. Construyendo.
2026-08-02,Domingo,Semana 1 · Base,Fase 2: Base y Umbral,CUESTAS B — Fuerza-Resistencia,8-10 km total,8 x 45 s cuesta fuerte,Z5 en la rep,"[C5]
1. Movilidad dinámica 5 min
2. Trote 12-15 min en Z1
3. Drills 4 min
4. 1 repetición de cuesta al 80% como ensayo — ajusta arranque y llegada","CUESTAS B — Fuerza-Resistencia
Volumen: 8-10 km total
Ritmo: 8 x 45 s cuesta fuerte
Zona: Z5 en la rep","[VC2]
1. Trote MUY suave 10-12 min a 5:45-6:00 — FC por debajo de 140
2. Caminar 3 min
3. Estiramiento estático 6 min (30-45 s por músculo)
4. Foam roller 5 min: cuádriceps · banda iliotibial · gemelos · glúteos
5. Proteína + carbohidrato dentro de los 45 min
6. ⚑ Saltarte esto es la razón #1 de que un martes duro arruine el miércoles.",— descanso PM —,"Rutina diaria (8 min): movilidad de tobillo 2' · 90/90 de cadera 2' · puente de glúteo x15 · plancha 45"" · respiración diafragmática 2'",Bajada TROTANDO = recuperación. Cadencia >180.
2026-08-03,Lunes,Semana 2 · Base,Fase 2: Base y Umbral,Recuperación,8 km,5:20-5:30,Z1 (<158),"[C1]
1. Movilidad dinámica 5 min: círculos de cadera · balanceo de pierna frontal 10/lado · balanceo lateral 10/lado · círculos de tobillo · rotación de tronco
2. Caminar rápido 3 min
3. Arrancar el trote 30-40 s/km más lento que el objetivo y subir progresivo
4. ⚑ En día fácil NO hacen falta drills ni rectas. El trote es el calentamiento.","Recuperación
Volumen: 8 km
Ritmo: 5:20-5:30
Zona: Z1 (<158)","[VC1]
1. Bajar el ritmo naturalmente los últimos 5 min del rodaje
2. Caminar 3 min
3. Estiramiento suave 30 s c/u: isquios · cuádriceps · gemelo · sóleo · flexor de cadera · glúteo",— descanso PM —,"Rutina diaria (8 min): movilidad de tobillo 2' · 90/90 de cadera 2' · puente de glúteo x15 · plancha 45"" · respiración diafragmática 2'",Soltar piernas del fin de semana.
2026-08-04,Martes,Semana 2 · Base,Fase 2: Base y Umbral,Intervalos de Umbral,5 x 2 km,3:38-3:42,Z4,"[C2]
1. Movilidad dinámica 5 min
2. Trote progresivo 15 min (de 5:40 a 5:00). FC no debe pasar 160
3. Drills 5 min: skipping A 2x20 m · skipping B 2x20 m · talón-glúteo 2x20 m · carioca 2x20 m · taloneo rápido 2x20 m
4. 4 rectas progresivas de 80 m — la última al 95% del ritmo de la sesión. Vuelta caminando
5. Pausa 2-3 min: hidratar y respirar
6. ⚑ Si la primera serie es la más rápida del día, calentaste mal.","Intervalos de Umbral
Volumen: 5 x 2 km
Ritmo: 3:38-3:42
Zona: Z4","[VC2]
1. Trote MUY suave 10-12 min a 5:45-6:00 — FC por debajo de 140
2. Caminar 3 min
3. Estiramiento estático 6 min (30-45 s por músculo)
4. Foam roller 5 min: cuádriceps · banda iliotibial · gemelos · glúteos
5. Proteína + carbohidrato dentro de los 45 min
6. ⚑ Saltarte esto es la razón #1 de que un martes duro arruine el miércoles.","FUERZA A — Máxima (45 min)
• Sentadilla trasera 4 x 5 @ 80-85% 1RM
• Peso muerto rumano 3 x 6 @ 75-80%
• Zancada con mancuernas 3 x 8 por pierna
• Elevación de gemelo a 1 pierna 3 x 12
• Plancha frontal 3 x 45 s
• Dead bug 3 x 10 por lado
• → VC5: bici o caminar 5 min + estiramiento 5 min + proteína en 30 min","Rutina diaria (8 min): movilidad de tobillo 2' · 90/90 de cadera 2' · puente de glúteo x15 · plancha 45"" · respiración diafragmática 2'","Fuerza DESPUÉS de correr, mínimo 4 h de separación."
2026-08-05,Miércoles,Semana 2 · Base,Fase 2: Base y Umbral,Rodaje medio,10 km,5:00,Z2 (158-166),"[C1]
1. Movilidad dinámica 5 min: círculos de cadera · balanceo de pierna frontal 10/lado · balanceo lateral 10/lado · círculos de tobillo · rotación de tronco
2. Caminar rápido 3 min
3. Arrancar el trote 30-40 s/km más lento que el objetivo y subir progresivo
4. ⚑ En día fácil NO hacen falta drills ni rectas. El trote es el calentamiento.","Rodaje medio
Volumen: 10 km
Ritmo: 5:00
Zona: Z2 (158-166)","[VC1]
1. Bajar el ritmo naturalmente los últimos 5 min del rodaje
2. Caminar 3 min
3. Estiramiento suave 30 s c/u: isquios · cuádriceps · gemelo · sóleo · flexor de cadera · glúteo","DOBLE — Trote suave 6 km Z1
• Ritmo 5:30-5:45/km, FC por debajo de 150
• Es trote regenerativo puro. Si te cuesta, sáltalo sin culpa.","Rutina diaria (8 min): movilidad de tobillo 2' · 90/90 de cadera 2' · puente de glúteo x15 · plancha 45"" · respiración diafragmática 2'",Frenar de verdad. FC techo 166.
2026-08-06,Jueves,Semana 2 · Base,Fase 2: Base y Umbral,Tempo continuo,2 cal + 6 tempo + 2 enf,3:48-3:52,Z4,"[C2]
1. Movilidad dinámica 5 min
2. Trote progresivo 15 min (de 5:40 a 5:00). FC no debe pasar 160
3. Drills 5 min: skipping A 2x20 m · skipping B 2x20 m · talón-glúteo 2x20 m · carioca 2x20 m · taloneo rápido 2x20 m
4. 4 rectas progresivas de 80 m — la última al 95% del ritmo de la sesión. Vuelta caminando
5. Pausa 2-3 min: hidratar y respirar
6. ⚑ Si la primera serie es la más rápida del día, calentaste mal.","Tempo continuo
Volumen: 2 cal + 6 tempo + 2 enf
Ritmo: 3:48-3:52
Zona: Z4","[VC2]
1. Trote MUY suave 10-12 min a 5:45-6:00 — FC por debajo de 140
2. Caminar 3 min
3. Estiramiento estático 6 min (30-45 s por músculo)
4. Foam roller 5 min: cuádriceps · banda iliotibial · gemelos · glúteos
5. Proteína + carbohidrato dentro de los 45 min
6. ⚑ Saltarte esto es la razón #1 de que un martes duro arruine el miércoles.","FUERZA B — Pliometría + Core (35 min)
• Salto al cajón 4 x 5 (40-50 cm)
• Salto con contramovimiento 3 x 6
• Bounding / multisaltos 4 x 20 m
• Peso muerto a 1 pierna 3 x 8 por pierna
• Puente de glúteo a 1 pierna 3 x 12
• Pallof press 3 x 10 por lado
• Plancha lateral 3 x 30 s por lado
• → VC5: bici o caminar 5 min + estiramiento 5 min + proteína en 30 min","Rutina diaria (8 min): movilidad de tobillo 2' · 90/90 de cadera 2' · puente de glúteo x15 · plancha 45"" · respiración diafragmática 2'",Pliometría en piernas ya calientes.
2026-08-07,Viernes,Semana 2 · Base,Fase 2: Base y Umbral,Recuperación,6 km,5:30,Z1,"[C1]
1. Movilidad dinámica 5 min: círculos de cadera · balanceo de pierna frontal 10/lado · balanceo lateral 10/lado · círculos de tobillo · rotación de tronco
2. Caminar rápido 3 min
3. Arrancar el trote 30-40 s/km más lento que el objetivo y subir progresivo
4. ⚑ En día fácil NO hacen falta drills ni rectas. El trote es el calentamiento.","Recuperación
Volumen: 6 km
Ritmo: 5:30
Zona: Z1","[VC1]
1. Bajar el ritmo naturalmente los últimos 5 min del rodaje
2. Caminar 3 min
3. Estiramiento suave 30 s c/u: isquios · cuádriceps · gemelo · sóleo · flexor de cadera · glúteo",— descanso PM —,"Rutina diaria (8 min): movilidad de tobillo 2' · 90/90 de cadera 2' · puente de glúteo x15 · plancha 45"" · respiración diafragmática 2'",Regenerativo estricto. Nada de fuerza hoy.
2026-08-08,Sábado,Semana 2 · Base,Fase 2: Base y Umbral,FONDO + final progresivo,17 km,14 km @4:45 + 3 km bajando a 4:10,Z2 → Z3,"[C3]
1. Movilidad dinámica 5 min con énfasis en cadera y tobillo
2. Los primeros 2 km del fondo a 5:30-5:40
3. ⚑ Esos 2 km CUENTAN dentro del volumen. Nunca salgas a ritmo objetivo desde el km 1.","FONDO + final progresivo
Volumen: 17 km
Ritmo: 14 km @4:45 + 3 km bajando a 4:10
Zona: Z2 → Z3","[VC3]
1. Último km trotando suave después del tramo progresivo
2. Caminar 5 min + hidratar con electrolitos
3. Estiramiento 6 min
4. Piernas en alto contra la pared 5 min
5. Comida completa dentro de los 30-45 min",— descanso PM —,"Rutina diaria (8 min): movilidad de tobillo 2' · 90/90 de cadera 2' · puente de glúteo x15 · plancha 45"" · respiración diafragmática 2'",
2026-08-09,Domingo,Semana 2 · Base,Fase 2: Base y Umbral,CUESTAS A — Neuromuscular,8-10 km total,12 x 12 s cuesta a MÁXIMO,Z1 + picos,"[C4]
1. Movilidad dinámica 5 min
2. Trote 15 min en Z1 — llega a la cuesta caliente de verdad
3. Drills 4 min + 3 rectas progresivas en llano
4. 2 subidas de aproximación: una al 70% y otra al 85%
5. ⚑ CRÍTICO: nunca arranques a MÁXIMO en frío. El riesgo de isquios es real.","CUESTAS A — Neuromuscular
Volumen: 8-10 km total
Ritmo: 12 x 12 s cuesta a MÁXIMO
Zona: Z1 + picos","[VC4]
1. Trote suave 8 min
2. Estiramiento con énfasis en isquios y gemelos
3. ⚑ Los sprints máximos cargan mucho el tendón. No te lo saltes.",— descanso PM —,"Rutina diaria (8 min): movilidad de tobillo 2' · 90/90 de cadera 2' · puente de glúteo x15 · plancha 45"" · respiración diafragmática 2'",Día ligero tras el fondo. No lo conviertas en aeróbico.
2026-08-10,Lunes,Semana 3 · PICO VOLUMEN,Fase 3: VO2 Específico,Recuperación,8 km,5:20-5:30,Z1 (<158),"[C1]
1. Movilidad dinámica 5 min: círculos de cadera · balanceo de pierna frontal 10/lado · balanceo lateral 10/lado · círculos de tobillo · rotación de tronco
2. Caminar rápido 3 min
3. Arrancar el trote 30-40 s/km más lento que el objetivo y subir progresivo
4. ⚑ En día fácil NO hacen falta drills ni rectas. El trote es el calentamiento.","Recuperación
Volumen: 8 km
Ritmo: 5:20-5:30
Zona: Z1 (<158)","[VC1]
1. Bajar el ritmo naturalmente los últimos 5 min del rodaje
2. Caminar 3 min
3. Estiramiento suave 30 s c/u: isquios · cuádriceps · gemelo · sóleo · flexor de cadera · glúteo",— descanso PM —,"Rutina diaria (8 min): movilidad de tobillo 2' · 90/90 de cadera 2' · puente de glúteo x15 · plancha 45"" · respiración diafragmática 2'",Soltar piernas del fin de semana.
2026-08-11,Martes,Semana 3 · PICO VOLUMEN,Fase 3: VO2 Específico,Series específicas 5K,5 x 1000 m,3:10-3:12,Z5 (>186),"[C2]
1. Movilidad dinámica 5 min
2. Trote progresivo 15 min (de 5:40 a 5:00). FC no debe pasar 160
3. Drills 5 min: skipping A 2x20 m · skipping B 2x20 m · talón-glúteo 2x20 m · carioca 2x20 m · taloneo rápido 2x20 m
4. 4 rectas progresivas de 80 m — la última al 95% del ritmo de la sesión. Vuelta caminando
5. Pausa 2-3 min: hidratar y respirar
6. ⚑ Si la primera serie es la más rápida del día, calentaste mal.","Series específicas 5K
Volumen: 5 x 1000 m
Ritmo: 3:10-3:12
Zona: Z5 (>186)","[VC2]
1. Trote MUY suave 10-12 min a 5:45-6:00 — FC por debajo de 140
2. Caminar 3 min
3. Estiramiento estático 6 min (30-45 s por músculo)
4. Foam roller 5 min: cuádriceps · banda iliotibial · gemelos · glúteos
5. Proteína + carbohidrato dentro de los 45 min
6. ⚑ Saltarte esto es la razón #1 de que un martes duro arruine el miércoles.","FUERZA A — Máxima (45 min)
• Sentadilla trasera 4 x 5 @ 80-85% 1RM
• Peso muerto rumano 3 x 6 @ 75-80%
• Zancada con mancuernas 3 x 8 por pierna
• Elevación de gemelo a 1 pierna 3 x 12
• Plancha frontal 3 x 45 s
• Dead bug 3 x 10 por lado
• → VC5: bici o caminar 5 min + estiramiento 5 min + proteína en 30 min","Rutina diaria (8 min): movilidad de tobillo 2' · 90/90 de cadera 2' · puente de glúteo x15 · plancha 45"" · respiración diafragmática 2'",LA sesión clave del bloque. Rec 2 min activos. + Fuerza A PM.
2026-08-12,Miércoles,Semana 3 · PICO VOLUMEN,Fase 3: VO2 Específico,Rodaje medio,10 km,5:00,Z2 (158-166),"[C1]
1. Movilidad dinámica 5 min: círculos de cadera · balanceo de pierna frontal 10/lado · balanceo lateral 10/lado · círculos de tobillo · rotación de tronco
2. Caminar rápido 3 min
3. Arrancar el trote 30-40 s/km más lento que el objetivo y subir progresivo
4. ⚑ En día fácil NO hacen falta drills ni rectas. El trote es el calentamiento.","Rodaje medio
Volumen: 10 km
Ritmo: 5:00
Zona: Z2 (158-166)","[VC1]
1. Bajar el ritmo naturalmente los últimos 5 min del rodaje
2. Caminar 3 min
3. Estiramiento suave 30 s c/u: isquios · cuádriceps · gemelo · sóleo · flexor de cadera · glúteo","DOBLE — Trote suave 6 km Z1
• Ritmo 5:30-5:45/km, FC por debajo de 150
• Es trote regenerativo puro. Si te cuesta, sáltalo sin culpa.","Rutina diaria (8 min): movilidad de tobillo 2' · 90/90 de cadera 2' · puente de glúteo x15 · plancha 45"" · respiración diafragmática 2'",Frenar de verdad. FC techo 166.
2026-08-13,Jueves,Semana 3 · PICO VOLUMEN,Fase 3: VO2 Específico,Series cortas (velocidad),10 x 400 m,1:15 vuelta (~3:07/km),Z5 (>187),"[C2]
1. Movilidad dinámica 5 min
2. Trote progresivo 15 min (de 5:40 a 5:00). FC no debe pasar 160
3. Drills 5 min: skipping A 2x20 m · skipping B 2x20 m · talón-glúteo 2x20 m · carioca 2x20 m · taloneo rápido 2x20 m
4. 4 rectas progresivas de 80 m — la última al 95% del ritmo de la sesión. Vuelta caminando
5. Pausa 2-3 min: hidratar y respirar
6. ⚑ Si la primera serie es la más rápida del día, calentaste mal.","Series cortas (velocidad)
Volumen: 10 x 400 m
Ritmo: 1:15 vuelta (~3:07/km)
Zona: Z5 (>187)","[VC2]
1. Trote MUY suave 10-12 min a 5:45-6:00 — FC por debajo de 140
2. Caminar 3 min
3. Estiramiento estático 6 min (30-45 s por músculo)
4. Foam roller 5 min: cuádriceps · banda iliotibial · gemelos · glúteos
5. Proteína + carbohidrato dentro de los 45 min
6. ⚑ Saltarte esto es la razón #1 de que un martes duro arruine el miércoles.","FUERZA B — Pliometría + Core (35 min)
• Salto al cajón 4 x 5 (40-50 cm)
• Salto con contramovimiento 3 x 6
• Bounding / multisaltos 4 x 20 m
• Peso muerto a 1 pierna 3 x 8 por pierna
• Puente de glúteo a 1 pierna 3 x 12
• Pallof press 3 x 10 por lado
• Plancha lateral 3 x 30 s por lado
• → VC5: bici o caminar 5 min + estiramiento 5 min + proteína en 30 min","Rutina diaria (8 min): movilidad de tobillo 2' · 90/90 de cadera 2' · puente de glúteo x15 · plancha 45"" · respiración diafragmática 2'",Rec 60 s. Mecánica de 5K. + Fuerza B PM.
2026-08-14,Viernes,Semana 3 · PICO VOLUMEN,Fase 3: VO2 Específico,Recuperación,6 km,5:30,Z1,"[C1]
1. Movilidad dinámica 5 min: círculos de cadera · balanceo de pierna frontal 10/lado · balanceo lateral 10/lado · círculos de tobillo · rotación de tronco
2. Caminar rápido 3 min
3. Arrancar el trote 30-40 s/km más lento que el objetivo y subir progresivo
4. ⚑ En día fácil NO hacen falta drills ni rectas. El trote es el calentamiento.","Recuperación
Volumen: 6 km
Ritmo: 5:30
Zona: Z1","[VC1]
1. Bajar el ritmo naturalmente los últimos 5 min del rodaje
2. Caminar 3 min
3. Estiramiento suave 30 s c/u: isquios · cuádriceps · gemelo · sóleo · flexor de cadera · glúteo",— descanso PM —,"Rutina diaria (8 min): movilidad de tobillo 2' · 90/90 de cadera 2' · puente de glúteo x15 · plancha 45"" · respiración diafragmática 2'",Regenerativo estricto. Nada de fuerza hoy.
2026-08-15,Sábado,Semana 3 · PICO VOLUMEN,Fase 3: VO2 Específico,FONDO + final progresivo,18 km,15 km @4:45 + 3 km bajando a 4:10,Z2 → Z3,"[C3]
1. Movilidad dinámica 5 min con énfasis en cadera y tobillo
2. Los primeros 2 km del fondo a 5:30-5:40
3. ⚑ Esos 2 km CUENTAN dentro del volumen. Nunca salgas a ritmo objetivo desde el km 1.","FONDO + final progresivo
Volumen: 18 km
Ritmo: 15 km @4:45 + 3 km bajando a 4:10
Zona: Z2 → Z3","[VC3]
1. Último km trotando suave después del tramo progresivo
2. Caminar 5 min + hidratar con electrolitos
3. Estiramiento 6 min
4. Piernas en alto contra la pared 5 min
5. Comida completa dentro de los 30-45 min",— descanso PM —,"Rutina diaria (8 min): movilidad de tobillo 2' · 90/90 de cadera 2' · puente de glúteo x15 · plancha 45"" · respiración diafragmática 2'",PICO DE VOLUMEN — fondo más largo de todo el plan.
2026-08-16,Domingo,Semana 3 · PICO VOLUMEN,Fase 3: VO2 Específico,CUESTAS B — Fuerza-Resistencia,8-10 km total,10 x 45 s cuesta fuerte,Z5 en la rep,"[C5]
1. Movilidad dinámica 5 min
2. Trote 12-15 min en Z1
3. Drills 4 min
4. 1 repetición de cuesta al 80% como ensayo — ajusta arranque y llegada","CUESTAS B — Fuerza-Resistencia
Volumen: 8-10 km total
Ritmo: 10 x 45 s cuesta fuerte
Zona: Z5 en la rep","[VC2]
1. Trote MUY suave 10-12 min a 5:45-6:00 — FC por debajo de 140
2. Caminar 3 min
3. Estiramiento estático 6 min (30-45 s por músculo)
4. Foam roller 5 min: cuádriceps · banda iliotibial · gemelos · glúteos
5. Proteína + carbohidrato dentro de los 45 min
6. ⚑ Saltarte esto es la razón #1 de que un martes duro arruine el miércoles.",— descanso PM —,"Rutina diaria (8 min): movilidad de tobillo 2' · 90/90 de cadera 2' · puente de glúteo x15 · plancha 45"" · respiración diafragmática 2'",Pico de carga en cuestas.
2026-08-17,Lunes,Semana 4 · DESCARGA,Fase 3: VO2 Específico,Recuperación,6 km,5:20-5:30,Z1 (<158),"[C1]
1. Movilidad dinámica 5 min: círculos de cadera · balanceo de pierna frontal 10/lado · balanceo lateral 10/lado · círculos de tobillo · rotación de tronco
2. Caminar rápido 3 min
3. Arrancar el trote 30-40 s/km más lento que el objetivo y subir progresivo
4. ⚑ En día fácil NO hacen falta drills ni rectas. El trote es el calentamiento.","Recuperación
Volumen: 6 km
Ritmo: 5:20-5:30
Zona: Z1 (<158)","[VC1]
1. Bajar el ritmo naturalmente los últimos 5 min del rodaje
2. Caminar 3 min
3. Estiramiento suave 30 s c/u: isquios · cuádriceps · gemelo · sóleo · flexor de cadera · glúteo",— descanso PM —,"Rutina diaria (8 min): movilidad de tobillo 2' · 90/90 de cadera 2' · puente de glúteo x15 · plancha 45"" · respiración diafragmática 2'",SEMANA DE DESCARGA. Volumen -25%. Aquí es donde absorbes todo.
2026-08-18,Martes,Semana 4 · DESCARGA,Fase 3: VO2 Específico,Series específicas 5K,4 x 1000 m,3:10,Z5,"[C2]
1. Movilidad dinámica 5 min
2. Trote progresivo 15 min (de 5:40 a 5:00). FC no debe pasar 160
3. Drills 5 min: skipping A 2x20 m · skipping B 2x20 m · talón-glúteo 2x20 m · carioca 2x20 m · taloneo rápido 2x20 m
4. 4 rectas progresivas de 80 m — la última al 95% del ritmo de la sesión. Vuelta caminando
5. Pausa 2-3 min: hidratar y respirar
6. ⚑ Si la primera serie es la más rápida del día, calentaste mal.","Series específicas 5K
Volumen: 4 x 1000 m
Ritmo: 3:10
Zona: Z5","[VC2]
1. Trote MUY suave 10-12 min a 5:45-6:00 — FC por debajo de 140
2. Caminar 3 min
3. Estiramiento estático 6 min (30-45 s por músculo)
4. Foam roller 5 min: cuádriceps · banda iliotibial · gemelos · glúteos
5. Proteína + carbohidrato dentro de los 45 min
6. ⚑ Saltarte esto es la razón #1 de que un martes duro arruine el miércoles.","FUERZA A — Máxima (45 min)
• Sentadilla trasera 4 x 5 @ 80-85% 1RM
• Peso muerto rumano 3 x 6 @ 75-80%
• Zancada con mancuernas 3 x 8 por pierna
• Elevación de gemelo a 1 pierna 3 x 12
• Plancha frontal 3 x 45 s
• Dead bug 3 x 10 por lado
• → VC5: bici o caminar 5 min + estiramiento 5 min + proteína en 30 min","Rutina diaria (8 min): movilidad de tobillo 2' · 90/90 de cadera 2' · puente de glúteo x15 · plancha 45"" · respiración diafragmática 2'","Solo 4 series. Calidad, no cantidad."
2026-08-19,Miércoles,Semana 4 · DESCARGA,Fase 3: VO2 Específico,Rodaje medio,8 km,5:00,Z2 (158-166),"[C1]
1. Movilidad dinámica 5 min: círculos de cadera · balanceo de pierna frontal 10/lado · balanceo lateral 10/lado · círculos de tobillo · rotación de tronco
2. Caminar rápido 3 min
3. Arrancar el trote 30-40 s/km más lento que el objetivo y subir progresivo
4. ⚑ En día fácil NO hacen falta drills ni rectas. El trote es el calentamiento.","Rodaje medio
Volumen: 8 km
Ritmo: 5:00
Zona: Z2 (158-166)","[VC1]
1. Bajar el ritmo naturalmente los últimos 5 min del rodaje
2. Caminar 3 min
3. Estiramiento suave 30 s c/u: isquios · cuádriceps · gemelo · sóleo · flexor de cadera · glúteo","DOBLE — Trote suave 6 km Z1
• Ritmo 5:30-5:45/km, FC por debajo de 150
• Es trote regenerativo puro. Si te cuesta, sáltalo sin culpa.","Rutina diaria (8 min): movilidad de tobillo 2' · 90/90 de cadera 2' · puente de glúteo x15 · plancha 45"" · respiración diafragmática 2'",Frenar de verdad. FC techo 166.
2026-08-20,Jueves,Semana 4 · DESCARGA,Fase 3: VO2 Específico,Rodaje con rectas,8 km + 6 x 100 m,Suave + explosivo,Z2,"[C2]
1. Movilidad dinámica 5 min
2. Trote progresivo 15 min (de 5:40 a 5:00). FC no debe pasar 160
3. Drills 5 min: skipping A 2x20 m · skipping B 2x20 m · talón-glúteo 2x20 m · carioca 2x20 m · taloneo rápido 2x20 m
4. 4 rectas progresivas de 80 m — la última al 95% del ritmo de la sesión. Vuelta caminando
5. Pausa 2-3 min: hidratar y respirar
6. ⚑ Si la primera serie es la más rápida del día, calentaste mal.","Rodaje con rectas
Volumen: 8 km + 6 x 100 m
Ritmo: Suave + explosivo
Zona: Z2","[VC1]
1. Bajar el ritmo naturalmente los últimos 5 min del rodaje
2. Caminar 3 min
3. Estiramiento suave 30 s c/u: isquios · cuádriceps · gemelo · sóleo · flexor de cadera · glúteo","FUERZA B — Pliometría + Core (35 min)
• Salto al cajón 4 x 5 (40-50 cm)
• Salto con contramovimiento 3 x 6
• Bounding / multisaltos 4 x 20 m
• Peso muerto a 1 pierna 3 x 8 por pierna
• Puente de glúteo a 1 pierna 3 x 12
• Pallof press 3 x 10 por lado
• Plancha lateral 3 x 30 s por lado
• → VC5: bici o caminar 5 min + estiramiento 5 min + proteína en 30 min","Rutina diaria (8 min): movilidad de tobillo 2' · 90/90 de cadera 2' · puente de glúteo x15 · plancha 45"" · respiración diafragmática 2'",Sin fuerza pesada esta semana — solo Fuerza B ligera.
2026-08-21,Viernes,Semana 4 · DESCARGA,Fase 3: VO2 Específico,Recuperación,6 km,5:30,Z1,"[C1]
1. Movilidad dinámica 5 min: círculos de cadera · balanceo de pierna frontal 10/lado · balanceo lateral 10/lado · círculos de tobillo · rotación de tronco
2. Caminar rápido 3 min
3. Arrancar el trote 30-40 s/km más lento que el objetivo y subir progresivo
4. ⚑ En día fácil NO hacen falta drills ni rectas. El trote es el calentamiento.","Recuperación
Volumen: 6 km
Ritmo: 5:30
Zona: Z1","[VC1]
1. Bajar el ritmo naturalmente los últimos 5 min del rodaje
2. Caminar 3 min
3. Estiramiento suave 30 s c/u: isquios · cuádriceps · gemelo · sóleo · flexor de cadera · glúteo",— descanso PM —,"Rutina diaria (8 min): movilidad de tobillo 2' · 90/90 de cadera 2' · puente de glúteo x15 · plancha 45"" · respiración diafragmática 2'",Regenerativo estricto. Nada de fuerza hoy.
2026-08-22,Sábado,Semana 4 · DESCARGA,Fase 3: VO2 Específico,FONDO + final progresivo,13 km,11 km @4:45 + 2 km a 4:15,Z2 → Z3,"[C3]
1. Movilidad dinámica 5 min con énfasis en cadera y tobillo
2. Los primeros 2 km del fondo a 5:30-5:40
3. ⚑ Esos 2 km CUENTAN dentro del volumen. Nunca salgas a ritmo objetivo desde el km 1.","FONDO + final progresivo
Volumen: 13 km
Ritmo: 11 km @4:45 + 2 km a 4:15
Zona: Z2 → Z3","[VC3]
1. Último km trotando suave después del tramo progresivo
2. Caminar 5 min + hidratar con electrolitos
3. Estiramiento 6 min
4. Piernas en alto contra la pared 5 min
5. Comida completa dentro de los 30-45 min",— descanso PM —,"Rutina diaria (8 min): movilidad de tobillo 2' · 90/90 de cadera 2' · puente de glúteo x15 · plancha 45"" · respiración diafragmática 2'",Fondo corto. Confía en la descarga.
2026-08-23,Domingo,Semana 4 · DESCARGA,Fase 3: VO2 Específico,CUESTAS A — corto,8-10 km total,8 x 10 s cuesta a MÁXIMO,Z1 + picos,"[C4]
1. Movilidad dinámica 5 min
2. Trote 15 min en Z1 — llega a la cuesta caliente de verdad
3. Drills 4 min + 3 rectas progresivas en llano
4. 2 subidas de aproximación: una al 70% y otra al 85%
5. ⚑ CRÍTICO: nunca arranques a MÁXIMO en frío. El riesgo de isquios es real.","CUESTAS A — corto
Volumen: 8-10 km total
Ritmo: 8 x 10 s cuesta a MÁXIMO
Zona: Z1 + picos","[VC4]
1. Trote suave 8 min
2. Estiramiento con énfasis en isquios y gemelos
3. ⚑ Los sprints máximos cargan mucho el tendón. No te lo saltes.",— descanso PM —,"Rutina diaria (8 min): movilidad de tobillo 2' · 90/90 de cadera 2' · puente de glúteo x15 · plancha 45"" · respiración diafragmática 2'",Cuestas breves. Recuperar es entrenar.
2026-08-24,Lunes,Semana 5 · Pico forma,Fase 4: Pico de Forma,Recuperación,8 km,5:20-5:30,Z1 (<158),"[C1]
1. Movilidad dinámica 5 min: círculos de cadera · balanceo de pierna frontal 10/lado · balanceo lateral 10/lado · círculos de tobillo · rotación de tronco
2. Caminar rápido 3 min
3. Arrancar el trote 30-40 s/km más lento que el objetivo y subir progresivo
4. ⚑ En día fácil NO hacen falta drills ni rectas. El trote es el calentamiento.","Recuperación
Volumen: 8 km
Ritmo: 5:20-5:30
Zona: Z1 (<158)","[VC1]
1. Bajar el ritmo naturalmente los últimos 5 min del rodaje
2. Caminar 3 min
3. Estiramiento suave 30 s c/u: isquios · cuádriceps · gemelo · sóleo · flexor de cadera · glúteo",— descanso PM —,"Rutina diaria (8 min): movilidad de tobillo 2' · 90/90 de cadera 2' · puente de glúteo x15 · plancha 45"" · respiración diafragmática 2'",Vuelve la carga. Debes sentirte fresco tras la descarga.
2026-08-25,Martes,Semana 5 · Pico forma,Fase 4: Pico de Forma,Series específicas 5K,6 x 1000 m,3:08-3:10,Z5,"[C2]
1. Movilidad dinámica 5 min
2. Trote progresivo 15 min (de 5:40 a 5:00). FC no debe pasar 160
3. Drills 5 min: skipping A 2x20 m · skipping B 2x20 m · talón-glúteo 2x20 m · carioca 2x20 m · taloneo rápido 2x20 m
4. 4 rectas progresivas de 80 m — la última al 95% del ritmo de la sesión. Vuelta caminando
5. Pausa 2-3 min: hidratar y respirar
6. ⚑ Si la primera serie es la más rápida del día, calentaste mal.","Series específicas 5K
Volumen: 6 x 1000 m
Ritmo: 3:08-3:10
Zona: Z5","[VC2]
1. Trote MUY suave 10-12 min a 5:45-6:00 — FC por debajo de 140
2. Caminar 3 min
3. Estiramiento estático 6 min (30-45 s por músculo)
4. Foam roller 5 min: cuádriceps · banda iliotibial · gemelos · glúteos
5. Proteína + carbohidrato dentro de los 45 min
6. ⚑ Saltarte esto es la razón #1 de que un martes duro arruine el miércoles.","FUERZA A — Máxima (45 min)
• Sentadilla trasera 4 x 5 @ 80-85% 1RM
• Peso muerto rumano 3 x 6 @ 75-80%
• Zancada con mancuernas 3 x 8 por pierna
• Elevación de gemelo a 1 pierna 3 x 12
• Plancha frontal 3 x 45 s
• Dead bug 3 x 10 por lado
• → VC5: bici o caminar 5 min + estiramiento 5 min + proteína en 30 min","Rutina diaria (8 min): movilidad de tobillo 2' · 90/90 de cadera 2' · puente de glúteo x15 · plancha 45"" · respiración diafragmática 2'",Sesión más dura del bloque hasta ahora.
2026-08-26,Miércoles,Semana 5 · Pico forma,Fase 4: Pico de Forma,Rodaje medio,10 km,5:00,Z2 (158-166),"[C1]
1. Movilidad dinámica 5 min: círculos de cadera · balanceo de pierna frontal 10/lado · balanceo lateral 10/lado · círculos de tobillo · rotación de tronco
2. Caminar rápido 3 min
3. Arrancar el trote 30-40 s/km más lento que el objetivo y subir progresivo
4. ⚑ En día fácil NO hacen falta drills ni rectas. El trote es el calentamiento.","Rodaje medio
Volumen: 10 km
Ritmo: 5:00
Zona: Z2 (158-166)","[VC1]
1. Bajar el ritmo naturalmente los últimos 5 min del rodaje
2. Caminar 3 min
3. Estiramiento suave 30 s c/u: isquios · cuádriceps · gemelo · sóleo · flexor de cadera · glúteo","DOBLE — Trote suave 6 km Z1
• Ritmo 5:30-5:45/km, FC por debajo de 150
• Es trote regenerativo puro. Si te cuesta, sáltalo sin culpa.","Rutina diaria (8 min): movilidad de tobillo 2' · 90/90 de cadera 2' · puente de glúteo x15 · plancha 45"" · respiración diafragmática 2'",Frenar de verdad. FC techo 166.
2026-08-27,Jueves,Semana 5 · Pico forma,Fase 4: Pico de Forma,Pista / Ritmo carrera,3 x 1500 m,3:10-3:12,Z4-Z5,"[C2]
1. Movilidad dinámica 5 min
2. Trote progresivo 15 min (de 5:40 a 5:00). FC no debe pasar 160
3. Drills 5 min: skipping A 2x20 m · skipping B 2x20 m · talón-glúteo 2x20 m · carioca 2x20 m · taloneo rápido 2x20 m
4. 4 rectas progresivas de 80 m — la última al 95% del ritmo de la sesión. Vuelta caminando
5. Pausa 2-3 min: hidratar y respirar
6. ⚑ Si la primera serie es la más rápida del día, calentaste mal.","Pista / Ritmo carrera
Volumen: 3 x 1500 m
Ritmo: 3:10-3:12
Zona: Z4-Z5","[VC2]
1. Trote MUY suave 10-12 min a 5:45-6:00 — FC por debajo de 140
2. Caminar 3 min
3. Estiramiento estático 6 min (30-45 s por músculo)
4. Foam roller 5 min: cuádriceps · banda iliotibial · gemelos · glúteos
5. Proteína + carbohidrato dentro de los 45 min
6. ⚑ Saltarte esto es la razón #1 de que un martes duro arruine el miércoles.","FUERZA B — Pliometría + Core (35 min)
• Salto al cajón 4 x 5 (40-50 cm)
• Salto con contramovimiento 3 x 6
• Bounding / multisaltos 4 x 20 m
• Peso muerto a 1 pierna 3 x 8 por pierna
• Puente de glúteo a 1 pierna 3 x 12
• Pallof press 3 x 10 por lado
• Plancha lateral 3 x 30 s por lado
• → VC5: bici o caminar 5 min + estiramiento 5 min + proteína en 30 min","Rutina diaria (8 min): movilidad de tobillo 2' · 90/90 de cadera 2' · puente de glúteo x15 · plancha 45"" · respiración diafragmática 2'",Rec 3 min. Simulación parcial de carrera.
2026-08-28,Viernes,Semana 5 · Pico forma,Fase 4: Pico de Forma,Recuperación,6 km,5:30,Z1,"[C1]
1. Movilidad dinámica 5 min: círculos de cadera · balanceo de pierna frontal 10/lado · balanceo lateral 10/lado · círculos de tobillo · rotación de tronco
2. Caminar rápido 3 min
3. Arrancar el trote 30-40 s/km más lento que el objetivo y subir progresivo
4. ⚑ En día fácil NO hacen falta drills ni rectas. El trote es el calentamiento.","Recuperación
Volumen: 6 km
Ritmo: 5:30
Zona: Z1","[VC1]
1. Bajar el ritmo naturalmente los últimos 5 min del rodaje
2. Caminar 3 min
3. Estiramiento suave 30 s c/u: isquios · cuádriceps · gemelo · sóleo · flexor de cadera · glúteo",— descanso PM —,"Rutina diaria (8 min): movilidad de tobillo 2' · 90/90 de cadera 2' · puente de glúteo x15 · plancha 45"" · respiración diafragmática 2'",Regenerativo estricto. Nada de fuerza hoy.
2026-08-29,Sábado,Semana 5 · Pico forma,Fase 4: Pico de Forma,FONDO + final progresivo,16 km,13 km @4:40 + 3 km a 4:05,Z2 → Z3,"[C3]
1. Movilidad dinámica 5 min con énfasis en cadera y tobillo
2. Los primeros 2 km del fondo a 5:30-5:40
3. ⚑ Esos 2 km CUENTAN dentro del volumen. Nunca salgas a ritmo objetivo desde el km 1.","FONDO + final progresivo
Volumen: 16 km
Ritmo: 13 km @4:40 + 3 km a 4:05
Zona: Z2 → Z3","[VC3]
1. Último km trotando suave después del tramo progresivo
2. Caminar 5 min + hidratar con electrolitos
3. Estiramiento 6 min
4. Piernas en alto contra la pared 5 min
5. Comida completa dentro de los 30-45 min",— descanso PM —,"Rutina diaria (8 min): movilidad de tobillo 2' · 90/90 de cadera 2' · puente de glúteo x15 · plancha 45"" · respiración diafragmática 2'","Semana con el jueves saltado y el martes muy por debajo del ritmo objetivo. Corre el tramo progresivo por sensación: si el cuerpo no da 4:05 en el cierre, ciérralo en 4:10-4:15. Completar los 16 km relajado importa más que el número final."
2026-08-30,Domingo,Semana 5 · Pico forma,Fase 4: Pico de Forma,CUESTAS B — Fuerza-Resistencia,8-10 km total,10 x 45 s cuesta fuerte,Z5 en la rep,"[C5]
1. Movilidad dinámica 5 min
2. Trote 12-15 min en Z1
3. Drills 4 min
4. 1 repetición de cuesta al 80% como ensayo — ajusta arranque y llegada","CUESTAS B — Fuerza-Resistencia
Volumen: 8-10 km total
Ritmo: 10 x 45 s cuesta fuerte
Zona: Z5 en la rep","[VC2]
1. Trote MUY suave 10-12 min a 5:45-6:00 — FC por debajo de 140
2. Caminar 3 min
3. Estiramiento estático 6 min (30-45 s por músculo)
4. Foam roller 5 min: cuádriceps · banda iliotibial · gemelos · glúteos
5. Proteína + carbohidrato dentro de los 45 min
6. ⚑ Saltarte esto es la razón #1 de que un martes duro arruine el miércoles.",— descanso PM —,"Rutina diaria (8 min): movilidad de tobillo 2' · 90/90 de cadera 2' · puente de glúteo x15 · plancha 45"" · respiración diafragmática 2'","Estímulo neuromuscular corto, no depende de la fatiga de umbral del martes/jueves. Si sientes las piernas pesadas en las primeras 2-3 repeticiones, extiende la recuperación a 90 s antes de seguir."
2026-08-31,Lunes,Semana 6 · TEST,Fase 4: Pico de Forma,Recuperación,8 km,5:20-5:30,Z1 (<158),"[C1]
1. Movilidad dinámica 5 min: círculos de cadera · balanceo de pierna frontal 10/lado · balanceo lateral 10/lado · círculos de tobillo · rotación de tronco
2. Caminar rápido 3 min
3. Arrancar el trote 30-40 s/km más lento que el objetivo y subir progresivo
4. ⚑ En día fácil NO hacen falta drills ni rectas. El trote es el calentamiento.","Recuperación
Volumen: 8 km
Ritmo: 5:20-5:30
Zona: Z1 (<158)","[VC1]
1. Bajar el ritmo naturalmente los últimos 5 min del rodaje
2. Caminar 3 min
3. Estiramiento suave 30 s c/u: isquios · cuádriceps · gemelo · sóleo · flexor de cadera · glúteo",— descanso PM —,"Rutina diaria (8 min): movilidad de tobillo 2' · 90/90 de cadera 2' · puente de glúteo x15 · plancha 45"" · respiración diafragmática 2'",Soltar piernas del fin de semana.
2026-09-01,Martes,Semana 6 · TEST,Fase 4: Pico de Forma,TEST DE LACTATO,2 x 2000 m,"3:23/km real (objetivo previo 3:08-3:10; FC media 175, máx 188 — nunca promedió Z4)",Z5,"[C2]
1. Movilidad dinámica 5 min
2. Trote progresivo 15 min (de 5:40 a 5:00). FC no debe pasar 160
3. Drills 5 min: skipping A 2x20 m · skipping B 2x20 m · talón-glúteo 2x20 m · carioca 2x20 m · taloneo rápido 2x20 m
4. 4 rectas progresivas de 80 m — la última al 95% del ritmo de la sesión. Vuelta caminando
5. Pausa 2-3 min: hidratar y respirar
6. ⚑ Si la primera serie es la más rápida del día, calentaste mal.","TEST DE LACTATO
Volumen: 2 x 2000 m
Ritmo: 3:23/km real (objetivo previo 3:08-3:10; FC media 175, máx 188 — nunca promedió Z4)
Zona: Z5","[VC2]
1. Trote MUY suave 10-12 min a 5:45-6:00 — FC por debajo de 140
2. Caminar 3 min
3. Estiramiento estático 6 min (30-45 s por músculo)
4. Foam roller 5 min: cuádriceps · banda iliotibial · gemelos · glúteos
5. Proteína + carbohidrato dentro de los 45 min
6. ⚑ Saltarte esto es la razón #1 de que un martes duro arruine el miércoles.","FUERZA A — Máxima (45 min)
• Sentadilla trasera 4 x 5 @ 80-85% 1RM
• Peso muerto rumano 3 x 6 @ 75-80%
• Zancada con mancuernas 3 x 8 por pierna
• Elevación de gemelo a 1 pierna 3 x 12
• Plancha frontal 3 x 45 s
• Dead bug 3 x 10 por lado
• → VC5: bici o caminar 5 min + estiramiento 5 min + proteína en 30 min","Rutina diaria (8 min): movilidad de tobillo 2' · 90/90 de cadera 2' · puente de glúteo x15 · plancha 45"" · respiración diafragmática 2'","EL TEST. Rec 3 min. El martes 25/8 no llegaste a 3:08-3:10 en las 1000 m (saliste a ~3:25, FC media 165, nunca tocó Z5). Hoy no persigas ese número: sal a la primera serie al ritmo más rápido que puedas sostener LIMPIO los 2000 m completos. El tiempo real de hoy recalibra el ritmo de las series del 3, 8 y 10 de sept — no el 3:08-3:10 original. → Resultado: 3:23/km, FC media 175 (máx 188, sin promediar Z4). Series de 400 m recalibradas a ≈1:19-1:20/vuelta y las de 1500 m a ≈3:22-3:24/km."
2026-09-02,Miércoles,Semana 6 · TEST,Fase 4: Pico de Forma,Rodaje medio,10 km,5:00,Z2 (158-166),"[C1]
1. Movilidad dinámica 5 min: círculos de cadera · balanceo de pierna frontal 10/lado · balanceo lateral 10/lado · círculos de tobillo · rotación de tronco
2. Caminar rápido 3 min
3. Arrancar el trote 30-40 s/km más lento que el objetivo y subir progresivo
4. ⚑ En día fácil NO hacen falta drills ni rectas. El trote es el calentamiento.","Rodaje medio
Volumen: 10 km
Ritmo: 5:00
Zona: Z2 (158-166)","[VC1]
1. Bajar el ritmo naturalmente los últimos 5 min del rodaje
2. Caminar 3 min
3. Estiramiento suave 30 s c/u: isquios · cuádriceps · gemelo · sóleo · flexor de cadera · glúteo","DOBLE — Trote suave 6 km Z1
• Ritmo 5:30-5:45/km, FC por debajo de 150
• Es trote regenerativo puro. Si te cuesta, sáltalo sin culpa.","Rutina diaria (8 min): movilidad de tobillo 2' · 90/90 de cadera 2' · puente de glúteo x15 · plancha 45"" · respiración diafragmática 2'",Frenar de verdad. FC techo 166.
2026-09-03,Jueves,Semana 6 · TEST,Fase 4: Pico de Forma,Series cortas (velocidad),10 x 400 m,"≈1:19-1:20 vuelta (recalibrado desde 1:14 con el test del 1/9: saliste a 3:23/km en el 2x2000 m, ~7% más lento que el objetivo original)",Z5,"[C2]
1. Movilidad dinámica 5 min
2. Trote progresivo 15 min (de 5:40 a 5:00). FC no debe pasar 160
3. Drills 5 min: skipping A 2x20 m · skipping B 2x20 m · talón-glúteo 2x20 m · carioca 2x20 m · taloneo rápido 2x20 m
4. 4 rectas progresivas de 80 m — la última al 95% del ritmo de la sesión. Vuelta caminando
5. Pausa 2-3 min: hidratar y respirar
6. ⚑ Si la primera serie es la más rápida del día, calentaste mal.","Series cortas (velocidad)
Volumen: 10 x 400 m
Ritmo: ≈1:19-1:20 vuelta (recalibrado desde 1:14 con el test del 1/9: saliste a 3:23/km en el 2x2000 m, ~7% más lento que el objetivo original)
Zona: Z5","[VC2]
1. Trote MUY suave 10-12 min a 5:45-6:00 — FC por debajo de 140
2. Caminar 3 min
3. Estiramiento estático 6 min (30-45 s por músculo)
4. Foam roller 5 min: cuádriceps · banda iliotibial · gemelos · glúteos
5. Proteína + carbohidrato dentro de los 45 min
6. ⚑ Saltarte esto es la razón #1 de que un martes duro arruine el miércoles.","FUERZA B — Pliometría + Core (35 min)
• Salto al cajón 4 x 5 (40-50 cm)
• Salto con contramovimiento 3 x 6
• Bounding / multisaltos 4 x 20 m
• Peso muerto a 1 pierna 3 x 8 por pierna
• Puente de glúteo a 1 pierna 3 x 12
• Pallof press 3 x 10 por lado
• Plancha lateral 3 x 30 s por lado
• → VC5: bici o caminar 5 min + estiramiento 5 min + proteína en 30 min","Rutina diaria (8 min): movilidad de tobillo 2' · 90/90 de cadera 2' · puente de glúteo x15 · plancha 45"" · respiración diafragmática 2'",Última sesión de fuerza pesada del bloque.
2026-09-04,Viernes,Semana 6 · TEST,Fase 4: Pico de Forma,Recuperación,6 km,5:30,Z1,"[C1]
1. Movilidad dinámica 5 min: círculos de cadera · balanceo de pierna frontal 10/lado · balanceo lateral 10/lado · círculos de tobillo · rotación de tronco
2. Caminar rápido 3 min
3. Arrancar el trote 30-40 s/km más lento que el objetivo y subir progresivo
4. ⚑ En día fácil NO hacen falta drills ni rectas. El trote es el calentamiento.","Recuperación
Volumen: 6 km
Ritmo: 5:30
Zona: Z1","[VC1]
1. Bajar el ritmo naturalmente los últimos 5 min del rodaje
2. Caminar 3 min
3. Estiramiento suave 30 s c/u: isquios · cuádriceps · gemelo · sóleo · flexor de cadera · glúteo",— descanso PM —,"Rutina diaria (8 min): movilidad de tobillo 2' · 90/90 de cadera 2' · puente de glúteo x15 · plancha 45"" · respiración diafragmática 2'",Regenerativo estricto. Nada de fuerza hoy.
2026-09-05,Sábado,Semana 6 · TEST,Fase 4: Pico de Forma,FONDO + final progresivo,15 km,12 km @4:40 + 3 km a ≈4:23 (recalibrado desde 4:05 con el test del 1/9),Z2 → Z3,"[C3]
1. Movilidad dinámica 5 min con énfasis en cadera y tobillo
2. Los primeros 2 km del fondo a 5:30-5:40
3. ⚑ Esos 2 km CUENTAN dentro del volumen. Nunca salgas a ritmo objetivo desde el km 1.","FONDO + final progresivo
Volumen: 15 km
Ritmo: 12 km @4:40 + 3 km a ≈4:23 (recalibrado desde 4:05 con el test del 1/9)
Zona: Z2 → Z3","[VC3]
1. Último km trotando suave después del tramo progresivo
2. Caminar 5 min + hidratar con electrolitos
3. Estiramiento 6 min
4. Piernas en alto contra la pared 5 min
5. Comida completa dentro de los 30-45 min",— descanso PM —,"Rutina diaria (8 min): movilidad de tobillo 2' · 90/90 de cadera 2' · puente de glúteo x15 · plancha 45"" · respiración diafragmática 2'",
2026-09-06,Domingo,Semana 6 · TEST,Fase 4: Pico de Forma,CUESTAS A — Afilado,8-10 km total,10 x 10 s cuesta a MÁXIMO,Z1 + picos,"[C4]
1. Movilidad dinámica 5 min
2. Trote 15 min en Z1 — llega a la cuesta caliente de verdad
3. Drills 4 min + 3 rectas progresivas en llano
4. 2 subidas de aproximación: una al 70% y otra al 85%
5. ⚑ CRÍTICO: nunca arranques a MÁXIMO en frío. El riesgo de isquios es real.","CUESTAS A — Afilado
Volumen: 8-10 km total
Ritmo: 10 x 10 s cuesta a MÁXIMO
Zona: Z1 + picos","[VC4]
1. Trote suave 8 min
2. Estiramiento con énfasis en isquios y gemelos
3. ⚑ Los sprints máximos cargan mucho el tendón. No te lo saltes.",— descanso PM —,"Rutina diaria (8 min): movilidad de tobillo 2' · 90/90 de cadera 2' · puente de glúteo x15 · plancha 45"" · respiración diafragmática 2'",Explosividad pura. Cero fatiga residual.
2026-09-07,Lunes,Semana 7 · Pre-taper,Fase 4: Pico de Forma,Recuperación,6 km,5:20-5:30,Z1 (<158),"[C1]
1. Movilidad dinámica 5 min: círculos de cadera · balanceo de pierna frontal 10/lado · balanceo lateral 10/lado · círculos de tobillo · rotación de tronco
2. Caminar rápido 3 min
3. Arrancar el trote 30-40 s/km más lento que el objetivo y subir progresivo
4. ⚑ En día fácil NO hacen falta drills ni rectas. El trote es el calentamiento.","Recuperación
Volumen: 6 km
Ritmo: 5:20-5:30
Zona: Z1 (<158)","[VC1]
1. Bajar el ritmo naturalmente los últimos 5 min del rodaje
2. Caminar 3 min
3. Estiramiento suave 30 s c/u: isquios · cuádriceps · gemelo · sóleo · flexor de cadera · glúteo",— descanso PM —,"Rutina diaria (8 min): movilidad de tobillo 2' · 90/90 de cadera 2' · puente de glúteo x15 · plancha 45"" · respiración diafragmática 2'",Última semana completa. Empieza a bajar volumen.
2026-09-08,Martes,Semana 7 · Pre-taper,Fase 4: Pico de Forma,Pista / Ritmo carrera,4 x 1500 m,≈3:22-3:24/km — 5:03-5:06 por serie de 1500 m (recalibrado desde 3:08-3:10 con el resultado real del test del 1/9),Z4-Z5,"[C2]
1. Movilidad dinámica 5 min
2. Trote progresivo 15 min (de 5:40 a 5:00). FC no debe pasar 160
3. Drills 5 min: skipping A 2x20 m · skipping B 2x20 m · talón-glúteo 2x20 m · carioca 2x20 m · taloneo rápido 2x20 m
4. 4 rectas progresivas de 80 m — la última al 95% del ritmo de la sesión. Vuelta caminando
5. Pausa 2-3 min: hidratar y respirar
6. ⚑ Si la primera serie es la más rápida del día, calentaste mal.","Pista / Ritmo carrera
Volumen: 4 x 1500 m
Ritmo: ≈3:22-3:24/km — 5:03-5:06 por serie de 1500 m (recalibrado desde 3:08-3:10 con el resultado real del test del 1/9)
Zona: Z4-Z5","[VC2]
1. Trote MUY suave 10-12 min a 5:45-6:00 — FC por debajo de 140
2. Caminar 3 min
3. Estiramiento estático 6 min (30-45 s por músculo)
4. Foam roller 5 min: cuádriceps · banda iliotibial · gemelos · glúteos
5. Proteína + carbohidrato dentro de los 45 min
6. ⚑ Saltarte esto es la razón #1 de que un martes duro arruine el miércoles.","FUERZA A — Máxima (45 min)
• Sentadilla trasera 4 x 5 @ 80-85% 1RM
• Peso muerto rumano 3 x 6 @ 75-80%
• Zancada con mancuernas 3 x 8 por pierna
• Elevación de gemelo a 1 pierna 3 x 12
• Plancha frontal 3 x 45 s
• Dead bug 3 x 10 por lado
• → VC5: bici o caminar 5 min + estiramiento 5 min + proteína en 30 min","Rutina diaria (8 min): movilidad de tobillo 2' · 90/90 de cadera 2' · puente de glúteo x15 · plancha 45"" · respiración diafragmática 2'","Ritmo de carrera con recuperación amplia (3 min). Recalibrado al resultado real del test de lactato del 1/9 (3:23/km) — no al 3:08-3:10 original, que ya vimos que no era realista."
2026-09-09,Miércoles,Semana 7 · Pre-taper,Fase 4: Pico de Forma,Rodaje medio,8 km,5:00,Z2 (158-166),"[C1]
1. Movilidad dinámica 5 min: círculos de cadera · balanceo de pierna frontal 10/lado · balanceo lateral 10/lado · círculos de tobillo · rotación de tronco
2. Caminar rápido 3 min
3. Arrancar el trote 30-40 s/km más lento que el objetivo y subir progresivo
4. ⚑ En día fácil NO hacen falta drills ni rectas. El trote es el calentamiento.","Rodaje medio
Volumen: 8 km
Ritmo: 5:00
Zona: Z2 (158-166)","[VC1]
1. Bajar el ritmo naturalmente los últimos 5 min del rodaje
2. Caminar 3 min
3. Estiramiento suave 30 s c/u: isquios · cuádriceps · gemelo · sóleo · flexor de cadera · glúteo","DOBLE — Trote suave 6 km Z1
• Ritmo 5:30-5:45/km, FC por debajo de 150
• Es trote regenerativo puro. Si te cuesta, sáltalo sin culpa.","Rutina diaria (8 min): movilidad de tobillo 2' · 90/90 de cadera 2' · puente de glúteo x15 · plancha 45"" · respiración diafragmática 2'",Frenar de verdad. FC techo 166.
2026-09-10,Jueves,Semana 7 · Pre-taper,Fase 4: Pico de Forma,Series cortas,8 x 400 m,≈1:19-1:20 vuelta (recalibrado desde 1:14 con el resultado real del test del 1/9),Z5,"[C2]
1. Movilidad dinámica 5 min
2. Trote progresivo 15 min (de 5:40 a 5:00). FC no debe pasar 160
3. Drills 5 min: skipping A 2x20 m · skipping B 2x20 m · talón-glúteo 2x20 m · carioca 2x20 m · taloneo rápido 2x20 m
4. 4 rectas progresivas de 80 m — la última al 95% del ritmo de la sesión. Vuelta caminando
5. Pausa 2-3 min: hidratar y respirar
6. ⚑ Si la primera serie es la más rápida del día, calentaste mal.","Series cortas
Volumen: 8 x 400 m
Ritmo: ≈1:19-1:20 vuelta (recalibrado desde 1:14 con el resultado real del test del 1/9)
Zona: Z5","[VC2]
1. Trote MUY suave 10-12 min a 5:45-6:00 — FC por debajo de 140
2. Caminar 3 min
3. Estiramiento estático 6 min (30-45 s por músculo)
4. Foam roller 5 min: cuádriceps · banda iliotibial · gemelos · glúteos
5. Proteína + carbohidrato dentro de los 45 min
6. ⚑ Saltarte esto es la razón #1 de que un martes duro arruine el miércoles.","FUERZA B — Pliometría + Core (35 min)
• Salto al cajón 4 x 5 (40-50 cm)
• Salto con contramovimiento 3 x 6
• Bounding / multisaltos 4 x 20 m
• Peso muerto a 1 pierna 3 x 8 por pierna
• Puente de glúteo a 1 pierna 3 x 12
• Pallof press 3 x 10 por lado
• Plancha lateral 3 x 30 s por lado
• → VC5: bici o caminar 5 min + estiramiento 5 min + proteína en 30 min","Rutina diaria (8 min): movilidad de tobillo 2' · 90/90 de cadera 2' · puente de glúteo x15 · plancha 45"" · respiración diafragmática 2'",Solo Fuerza B LIGERA — nada pesado ya.
2026-09-11,Viernes,Semana 7 · Pre-taper,Fase 4: Pico de Forma,Recuperación,6 km,5:30,Z1,"[C1]
1. Movilidad dinámica 5 min: círculos de cadera · balanceo de pierna frontal 10/lado · balanceo lateral 10/lado · círculos de tobillo · rotación de tronco
2. Caminar rápido 3 min
3. Arrancar el trote 30-40 s/km más lento que el objetivo y subir progresivo
4. ⚑ En día fácil NO hacen falta drills ni rectas. El trote es el calentamiento.","Recuperación
Volumen: 6 km
Ritmo: 5:30
Zona: Z1","[VC1]
1. Bajar el ritmo naturalmente los últimos 5 min del rodaje
2. Caminar 3 min
3. Estiramiento suave 30 s c/u: isquios · cuádriceps · gemelo · sóleo · flexor de cadera · glúteo",— descanso PM —,"Rutina diaria (8 min): movilidad de tobillo 2' · 90/90 de cadera 2' · puente de glúteo x15 · plancha 45"" · respiración diafragmática 2'",Regenerativo estricto. Nada de fuerza hoy.
2026-09-12,Sábado,Semana 7 · Pre-taper,Fase 4: Pico de Forma,FONDO + final progresivo,12 km,10 km @4:40 + 2 km a ≈4:23 (recalibrado desde 4:05 con el test del 1/9),Z2 → Z3,"[C3]
1. Movilidad dinámica 5 min con énfasis en cadera y tobillo
2. Los primeros 2 km del fondo a 5:30-5:40
3. ⚑ Esos 2 km CUENTAN dentro del volumen. Nunca salgas a ritmo objetivo desde el km 1.","FONDO + final progresivo
Volumen: 12 km
Ritmo: 10 km @4:40 + 2 km a ≈4:23 (recalibrado desde 4:05 con el test del 1/9)
Zona: Z2 → Z3","[VC3]
1. Último km trotando suave después del tramo progresivo
2. Caminar 5 min + hidratar con electrolitos
3. Estiramiento 6 min
4. Piernas en alto contra la pared 5 min
5. Comida completa dentro de los 30-45 min",— descanso PM —,"Rutina diaria (8 min): movilidad de tobillo 2' · 90/90 de cadera 2' · puente de glúteo x15 · plancha 45"" · respiración diafragmática 2'",Último fondo. Corto y alegre.
2026-09-13,Domingo,Semana 7 · Pre-taper,Fase 4: Pico de Forma,CUESTAS A — corto,8-10 km total,6 x 10 s cuesta,Z1 + picos,"[C4]
1. Movilidad dinámica 5 min
2. Trote 15 min en Z1 — llega a la cuesta caliente de verdad
3. Drills 4 min + 3 rectas progresivas en llano
4. 2 subidas de aproximación: una al 70% y otra al 85%
5. ⚑ CRÍTICO: nunca arranques a MÁXIMO en frío. El riesgo de isquios es real.","CUESTAS A — corto
Volumen: 8-10 km total
Ritmo: 6 x 10 s cuesta
Zona: Z1 + picos","[VC4]
1. Trote suave 8 min
2. Estiramiento con énfasis en isquios y gemelos
3. ⚑ Los sprints máximos cargan mucho el tendón. No te lo saltes.",— descanso PM —,"Rutina diaria (8 min): movilidad de tobillo 2' · 90/90 de cadera 2' · puente de glúteo x15 · plancha 45"" · respiración diafragmática 2'","Mantener chispa, nada más."
2026-09-14,Lunes,Semana 8 · TAPER + CARRERA,Fase 5: Taper y Carrera,Recuperación,6 km,5:20,Z1,"[C1]
1. Movilidad dinámica 5 min: círculos de cadera · balanceo de pierna frontal 10/lado · balanceo lateral 10/lado · círculos de tobillo · rotación de tronco
2. Caminar rápido 3 min
3. Arrancar el trote 30-40 s/km más lento que el objetivo y subir progresivo
4. ⚑ En día fácil NO hacen falta drills ni rectas. El trote es el calentamiento.","Recuperación
Volumen: 6 km
Ritmo: 5:20
Zona: Z1","[VC1]
1. Bajar el ritmo naturalmente los últimos 5 min del rodaje
2. Caminar 3 min
3. Estiramiento suave 30 s c/u: isquios · cuádriceps · gemelo · sóleo · flexor de cadera · glúteo",— descanso PM —,"Rutina diaria (8 min): movilidad de tobillo 2' · 90/90 de cadera 2' · puente de glúteo x15 · plancha 45"" · respiración diafragmática 2'","Empieza el taper. Volumen -50%, intensidad se mantiene."
2026-09-15,Martes,Semana 8 · TAPER + CARRERA,Fase 5: Taper y Carrera,Series de afilado,6 x 400 m,"≈3:19-3:23/km (~1:20-1:21 por 400 m) — alineado al objetivo de carrera ya recalibrado, no al 3:08 original",Z4-Z5,"[C2]
1. Movilidad dinámica 5 min
2. Trote progresivo 15 min (de 5:40 a 5:00). FC no debe pasar 160
3. Drills 5 min: skipping A 2x20 m · skipping B 2x20 m · talón-glúteo 2x20 m · carioca 2x20 m · taloneo rápido 2x20 m
4. 4 rectas progresivas de 80 m — la última al 95% del ritmo de la sesión. Vuelta caminando
5. Pausa 2-3 min: hidratar y respirar
6. ⚑ Si la primera serie es la más rápida del día, calentaste mal.","Series de afilado
Volumen: 6 x 400 m
Ritmo: ≈3:19-3:23/km (~1:20-1:21 por 400 m) — alineado al objetivo de carrera ya recalibrado, no al 3:08 original
Zona: Z4-Z5","[VC2]
1. Trote MUY suave 10-12 min a 5:45-6:00 — FC por debajo de 140
2. Caminar 3 min
3. Estiramiento estático 6 min (30-45 s por músculo)
4. Foam roller 5 min: cuádriceps · banda iliotibial · gemelos · glúteos
5. Proteína + carbohidrato dentro de los 45 min
6. ⚑ Saltarte esto es la razón #1 de que un martes duro arruine el miércoles.",— descanso PM —,"Rutina diaria (8 min): movilidad de tobillo 2' · 90/90 de cadera 2' · puente de glúteo x15 · plancha 45"" · respiración diafragmática 2'","Recordar el ritmo, NO fatigar. Rec 2 min completos. Alineado al objetivo de carrera recalibrado (3:19-3:23/km), no al 3:08 original."
2026-09-16,Miércoles,Semana 8 · TAPER + CARRERA,Fase 5: Taper y Carrera,Rodaje suave,6 km,5:20,Z1-Z2,"[C1]
1. Movilidad dinámica 5 min: círculos de cadera · balanceo de pierna frontal 10/lado · balanceo lateral 10/lado · círculos de tobillo · rotación de tronco
2. Caminar rápido 3 min
3. Arrancar el trote 30-40 s/km más lento que el objetivo y subir progresivo
4. ⚑ En día fácil NO hacen falta drills ni rectas. El trote es el calentamiento.","Rodaje suave
Volumen: 6 km
Ritmo: 5:20
Zona: Z1-Z2","[VC1]
1. Bajar el ritmo naturalmente los últimos 5 min del rodaje
2. Caminar 3 min
3. Estiramiento suave 30 s c/u: isquios · cuádriceps · gemelo · sóleo · flexor de cadera · glúteo","Movilidad 15 min
• Solo movilidad y estiramiento. Cero carga.","Rutina diaria (8 min): movilidad de tobillo 2' · 90/90 de cadera 2' · puente de glúteo x15 · plancha 45"" · respiración diafragmática 2'",Nada de fuerza. Solo movilidad y estiramiento.
2026-09-17,Jueves,Semana 8 · TAPER + CARRERA,Fase 5: Taper y Carrera,Activación 5K,6 km total,"2 x 800 m a ≈3:19-3:23/km (~2:39-2:42 por 800 m) — mismo objetivo de carrera recalibrado, no al 3:10 original",Z2-Z5,"[C2]
1. Movilidad dinámica 5 min
2. Trote progresivo 15 min (de 5:40 a 5:00). FC no debe pasar 160
3. Drills 5 min: skipping A 2x20 m · skipping B 2x20 m · talón-glúteo 2x20 m · carioca 2x20 m · taloneo rápido 2x20 m
4. 4 rectas progresivas de 80 m — la última al 95% del ritmo de la sesión. Vuelta caminando
5. Pausa 2-3 min: hidratar y respirar
6. ⚑ Si la primera serie es la más rápida del día, calentaste mal.","Activación 5K
Volumen: 6 km total
Ritmo: 2 x 800 m a ≈3:19-3:23/km (~2:39-2:42 por 800 m) — mismo objetivo de carrera recalibrado, no al 3:10 original
Zona: Z2-Z5","[VC2]
1. Trote MUY suave 10-12 min a 5:45-6:00 — FC por debajo de 140
2. Caminar 3 min
3. Estiramiento estático 6 min (30-45 s por músculo)
4. Foam roller 5 min: cuádriceps · banda iliotibial · gemelos · glúteos
5. Proteína + carbohidrato dentro de los 45 min
6. ⚑ Saltarte esto es la razón #1 de que un martes duro arruine el miércoles.",— descanso PM —,"Rutina diaria (8 min): movilidad de tobillo 2' · 90/90 de cadera 2' · puente de glúteo x15 · plancha 45"" · respiración diafragmática 2'","Última sesión con ritmo. Debe sentirse fácil. Mismo objetivo de carrera recalibrado, no el 3:10 original."
2026-09-18,Viernes,Semana 8 · TAPER + CARRERA,Fase 5: Taper y Carrera,Trote muy suave,4 km,5:40,Z1,"[C1]
1. Movilidad dinámica 5 min: círculos de cadera · balanceo de pierna frontal 10/lado · balanceo lateral 10/lado · círculos de tobillo · rotación de tronco
2. Caminar rápido 3 min
3. Arrancar el trote 30-40 s/km más lento que el objetivo y subir progresivo
4. ⚑ En día fácil NO hacen falta drills ni rectas. El trote es el calentamiento.","Trote muy suave
Volumen: 4 km
Ritmo: 5:40
Zona: Z1","[VC1]
1. Bajar el ritmo naturalmente los últimos 5 min del rodaje
2. Caminar 3 min
3. Estiramiento suave 30 s c/u: isquios · cuádriceps · gemelo · sóleo · flexor de cadera · glúteo",— descanso PM —,"Rutina diaria (8 min): movilidad de tobillo 2' · 90/90 de cadera 2' · puente de glúteo x15 · plancha 45"" · respiración diafragmática 2'",Piernas sueltas. Dormir 8 h y empezar a hidratar.
2026-09-19,Sábado,Semana 8 · TAPER + CARRERA,Fase 5: Taper y Carrera,Trote pre-carrera + rectas,4 km + 4 x 80 m,Muy suave,Z1,"[C2]
1. Movilidad dinámica 5 min
2. Trote progresivo 15 min (de 5:40 a 5:00). FC no debe pasar 160
3. Drills 5 min: skipping A 2x20 m · skipping B 2x20 m · talón-glúteo 2x20 m · carioca 2x20 m · taloneo rápido 2x20 m
4. 4 rectas progresivas de 80 m — la última al 95% del ritmo de la sesión. Vuelta caminando
5. Pausa 2-3 min: hidratar y respirar
6. ⚑ Si la primera serie es la más rápida del día, calentaste mal.","Trote pre-carrera + rectas
Volumen: 4 km + 4 x 80 m
Ritmo: Muy suave
Zona: Z1","[VC1]
1. Bajar el ritmo naturalmente los últimos 5 min del rodaje
2. Caminar 3 min
3. Estiramiento suave 30 s c/u: isquios · cuádriceps · gemelo · sóleo · flexor de cadera · glúteo",— descanso PM —,"Rutina diaria (8 min): movilidad de tobillo 2' · 90/90 de cadera 2' · puente de glúteo x15 · plancha 45"" · respiración diafragmática 2'",Soltar nervios. Prepara ropa y dorsal hoy.
2026-09-20,Domingo,Semana 8 · TAPER + CARRERA,Fase 5: Taper y Carrera,🏁 CARRERA 5K,5 km,OBJETIVO 3:19-3:23/km,Z5 (>188),"[C6]
1. T-40 min · Movilidad dinámica 6 min
2. T-33 min · Trote progresivo 12 min
3. T-20 min · Drills técnicos 4 min
4. T-15 min · 4 rectas de 80 m — la última EXACTAMENTE a ritmo de carrera
5. T-8 min · Caminar, respirar, últimos sorbos de agua, quitar ropa extra
6. T-3 min · A la línea + 2 aceleraciones cortas
7. ⚑ NADA nuevo el día de la carrera. Ensáyalo el 15 y el 17 de septiembre.","🏁 CARRERA 5K
Volumen: 5 km
Ritmo: OBJETIVO 3:19-3:23/km
Zona: Z5 (>188)","[VC6]
1. Caminar 5 min INMEDIATAMENTE al cruzar la meta — no te sientes
2. Trote muy suave 10 min
3. Estiramiento + hidratación con electrolitos",— descanso PM —,"Rutina diaria (8 min): movilidad de tobillo 2' · 90/90 de cadera 2' · puente de glúteo x15 · plancha 45"" · respiración diafragmática 2'",Salir en 3:22 los primeros 1000 m. Apretar del km 3. El test del 1/9 confirma que 3:19-3:23/km es realista: saliste a 3:23/km en el 2x2000 m.
2026-09-21,Lunes,Semana 0 · RESET post-carrera,Fase 0: Reset,Recuperación,7 km,≥5:08,Z1 regenerativo (≤140),"[C1]
1. Movilidad dinámica 5 min: círculos de cadera · balanceo frontal 10/lado · balanceo lateral 10/lado · círculos de tobillo · rotación de tronco
2. Caminar rápido 3 min
3. Arrancar 40 s/km más lento que el objetivo y subir progresivo. FC del primer km SIEMPRE ≤140
4. ⚑ En día fácil no hacen falta drills ni rectas. El trote es el calentamiento.","Recuperación
Volumen: 7 km
Ritmo: ≥5:08
Zona: Z1 regenerativo (≤140)","[VC1]
1. Bajar el ritmo naturalmente los últimos 5 min
2. Caminar 3 min
3. Estiramiento suave 30 s c/u: isquios · cuádriceps · gemelo · sóleo · flexor de cadera · glúteo",,"Rutina diaria (8 min): movilidad de tobillo 2' · 90/90 de cadera 2' · puente de glúteo x15 · plancha 45"" · respiración diafragmática 2'",Ya corrido: 6.6 km a 5:19 con FC 137. Exactamente lo que tocaba.
2026-09-22,Martes,Semana 0 · RESET post-carrera,Fase 0: Reset,Rodaje base,8 km,4:40-5:06,Z2 base aerobica (141-152),"[C1]
1. Movilidad dinámica 5 min: círculos de cadera · balanceo frontal 10/lado · balanceo lateral 10/lado · círculos de tobillo · rotación de tronco
2. Caminar rápido 3 min
3. Arrancar 40 s/km más lento que el objetivo y subir progresivo. FC del primer km SIEMPRE ≤140
4. ⚑ En día fácil no hacen falta drills ni rectas. El trote es el calentamiento.","Rodaje base
Volumen: 8 km
Ritmo: 4:40-5:06
Zona: Z2 base aerobica (141-152)","[VC1]
1. Bajar el ritmo naturalmente los últimos 5 min
2. Caminar 3 min
3. Estiramiento suave 30 s c/u: isquios · cuádriceps · gemelo · sóleo · flexor de cadera · glúteo","Movilidad 15 min · opcional en Comando Fuerza
• Solo movilidad y estiramiento. Cero carga.
• Es el tercer día de Comando Fuerza si lo quieres usar, pero sin tocar peso: el viernes existe para que el sábado haya fondo.","Rutina diaria (8 min): movilidad de tobillo 2' · 90/90 de cadera 2' · puente de glúteo x15 · plancha 45"" · respiración diafragmática 2'","Suave. Después de un 5K a tope la reparación muscular tarda 7-10 días, no 3."
2026-09-23,Miércoles,Semana 0 · RESET post-carrera,Fase 0: Reset,Regenerativo — día ajustable,4 km,≥5:08,Z1 regenerativo (≤140),"[C1]
1. Movilidad dinámica 5 min: círculos de cadera · balanceo frontal 10/lado · balanceo lateral 10/lado · círculos de tobillo · rotación de tronco
2. Caminar rápido 3 min
3. Arrancar 40 s/km más lento que el objetivo y subir progresivo. FC del primer km SIEMPRE ≤140
4. ⚑ En día fácil no hacen falta drills ni rectas. El trote es el calentamiento.","Regenerativo — día ajustable
Volumen: 4 km
Ritmo: ≥5:08
Zona: Z1 regenerativo (≤140)","[VC1]
1. Bajar el ritmo naturalmente los últimos 5 min
2. Caminar 3 min
3. Estiramiento suave 30 s c/u: isquios · cuádriceps · gemelo · sóleo · flexor de cadera · glúteo","Movilidad 15 min · opcional en Comando Fuerza
• Solo movilidad y estiramiento. Cero carga.
• Es el tercer día de Comando Fuerza si lo quieres usar, pero sin tocar peso: el viernes existe para que el sábado haya fondo.","Rutina diaria (8 min): movilidad de tobillo 2' · 90/90 de cadera 2' · puente de glúteo x15 · plancha 45"" · respiración diafragmática 2'","DÍA AJUSTABLE. Regenerativo de verdad: FC por debajo de 140, y si dudas si vas demasiado suave, vas bien. Se puede cambiar por 40 min de bici o elíptica sin impacto. Y es el único día del plan que se puede convertir en descanso total sin recuperarlo: si el jueves salió mal, si dormiste mal o si algo molesta, hoy no corres y no pasa nada."
2026-09-24,Jueves,Semana 0 · RESET post-carrera,Fase 0: Reset,Rodaje base + 4 rectas,7 km,4:40-5:06,Z2 base aerobica (141-152),"[C1]
1. Movilidad dinámica 5 min: círculos de cadera · balanceo frontal 10/lado · balanceo lateral 10/lado · círculos de tobillo · rotación de tronco
2. Caminar rápido 3 min
3. Arrancar 40 s/km más lento que el objetivo y subir progresivo. FC del primer km SIEMPRE ≤140
4. ⚑ En día fácil no hacen falta drills ni rectas. El trote es el calentamiento.","Rodaje base + 4 rectas
Volumen: 7 km
Ritmo: 4:40-5:06
Zona: Z2 base aerobica (141-152)","[VC1]
1. Bajar el ritmo naturalmente los últimos 5 min
2. Caminar 3 min
3. Estiramiento suave 30 s c/u: isquios · cuádriceps · gemelo · sóleo · flexor de cadera · glúteo",,"Rutina diaria (8 min): movilidad de tobillo 2' · 90/90 de cadera 2' · puente de glúteo x15 · plancha 45"" · respiración diafragmática 2'",4 rectas solo para despertar el gesto. Nada de intensidad todavía.
2026-09-25,Viernes,Semana 0 · RESET post-carrera,Fase 0: Reset,Regenerativo — día ajustable,4 km,≥5:08,Z1 regenerativo (≤140),"[C1]
1. Movilidad dinámica 5 min: círculos de cadera · balanceo frontal 10/lado · balanceo lateral 10/lado · círculos de tobillo · rotación de tronco
2. Caminar rápido 3 min
3. Arrancar 40 s/km más lento que el objetivo y subir progresivo. FC del primer km SIEMPRE ≤140
4. ⚑ En día fácil no hacen falta drills ni rectas. El trote es el calentamiento.","Regenerativo — día ajustable
Volumen: 4 km
Ritmo: ≥5:08
Zona: Z1 regenerativo (≤140)","[VC1]
1. Bajar el ritmo naturalmente los últimos 5 min
2. Caminar 3 min
3. Estiramiento suave 30 s c/u: isquios · cuádriceps · gemelo · sóleo · flexor de cadera · glúteo","Movilidad 15 min · opcional en Comando Fuerza
• Solo movilidad y estiramiento. Cero carga.
• Es el tercer día de Comando Fuerza si lo quieres usar, pero sin tocar peso: el viernes existe para que el sábado haya fondo.","Rutina diaria (8 min): movilidad de tobillo 2' · 90/90 de cadera 2' · puente de glúteo x15 · plancha 45"" · respiración diafragmática 2'","DÍA AJUSTABLE. Regenerativo de verdad: FC por debajo de 140, y si dudas si vas demasiado suave, vas bien. Se puede cambiar por 40 min de bici o elíptica sin impacto. Y es el único día del plan que se puede convertir en descanso total sin recuperarlo: si el jueves salió mal, si dormiste mal o si algo molesta, hoy no corres y no pasa nada."
2026-09-26,Sábado,Semana 0 · RESET post-carrera,Fase 0: Reset,FONDO,12 km,4:40-5:06,Z2 base aerobica (141-152),"[C3]
1. Movilidad dinámica 5 min con énfasis en cadera y tobillo
2. Los primeros 3 km del fondo en ≥5:08 — FC ≤140
3. ⚑ Esos 3 km CUENTAN dentro del volumen. Nunca salgas a ritmo de fondo desde el km 1.","FONDO
Volumen: 12 km
Ritmo: 4:40-5:06
Zona: Z2 base aerobica (141-152)","[VC3]
1. Último km trotando suave después del tramo progresivo
2. Caminar 5 min + hidratar con electrolitos
3. Estiramiento 6 min · piernas en alto contra la pared 5 min
4. Comida completa dentro de los 30-45 min. En fondos de 22+ km, 60-80 g de carbohidrato DURANTE.",,"Rutina diaria (8 min): movilidad de tobillo 2' · 90/90 de cadera 2' · puente de glúteo x15 · plancha 45"" · respiración diafragmática 2'",Fondo corto y plano. Esta semana no existe la palabra 'ritmo'.
2026-09-27,Domingo,Semana 0 · RESET post-carrera,Fase 0: Reset,Regenerativo — día ajustable,4 km,≥5:08,Z1 regenerativo (≤140),"[C1]
1. Movilidad dinámica 5 min: círculos de cadera · balanceo frontal 10/lado · balanceo lateral 10/lado · círculos de tobillo · rotación de tronco
2. Caminar rápido 3 min
3. Arrancar 40 s/km más lento que el objetivo y subir progresivo. FC del primer km SIEMPRE ≤140
4. ⚑ En día fácil no hacen falta drills ni rectas. El trote es el calentamiento.","Regenerativo — día ajustable
Volumen: 4 km
Ritmo: ≥5:08
Zona: Z1 regenerativo (≤140)","[VC1]
1. Bajar el ritmo naturalmente los últimos 5 min
2. Caminar 3 min
3. Estiramiento suave 30 s c/u: isquios · cuádriceps · gemelo · sóleo · flexor de cadera · glúteo","Movilidad 15 min · opcional en Comando Fuerza
• Solo movilidad y estiramiento. Cero carga.
• Es el tercer día de Comando Fuerza si lo quieres usar, pero sin tocar peso: el viernes existe para que el sábado haya fondo.","Rutina diaria (8 min): movilidad de tobillo 2' · 90/90 de cadera 2' · puente de glúteo x15 · plancha 45"" · respiración diafragmática 2'","DÍA AJUSTABLE. Regenerativo de verdad: FC por debajo de 140, y si dudas si vas demasiado suave, vas bien. Se puede cambiar por 40 min de bici o elíptica sin impacto. Y es el único día del plan que se puede convertir en descanso total sin recuperarlo: si el jueves salió mal, si dormiste mal o si algo molesta, hoy no corres y no pasa nada."
2026-09-28,Lunes,Semana 1 · LOS TESTS,Fase 1: Recalibración y base,Recuperación,5 km,≥5:08,Z1 regenerativo (≤140),"[C1]
1. Movilidad dinámica 5 min: círculos de cadera · balanceo frontal 10/lado · balanceo lateral 10/lado · círculos de tobillo · rotación de tronco
2. Caminar rápido 3 min
3. Arrancar 40 s/km más lento que el objetivo y subir progresivo. FC del primer km SIEMPRE ≤140
4. ⚑ En día fácil no hacen falta drills ni rectas. El trote es el calentamiento.","Recuperación
Volumen: 5 km
Ritmo: ≥5:08
Zona: Z1 regenerativo (≤140)","[VC1]
1. Bajar el ritmo naturalmente los últimos 5 min
2. Caminar 3 min
3. Estiramiento suave 30 s c/u: isquios · cuádriceps · gemelo · sóleo · flexor de cadera · glúteo",,"Rutina diaria (8 min): movilidad de tobillo 2' · 90/90 de cadera 2' · puente de glúteo x15 · plancha 45"" · respiración diafragmática 2'","Regenerativo estricto. FC techo 140: si la pasas, caminas. Nada de 'me sentí bien'."
2026-09-29,Martes,Semana 1 · LOS TESTS,Fase 1: Recalibración y base,Rodaje base + 6 rectas,8 km,4:40-5:06,Z2 base aerobica (141-152),"[C1]
1. Movilidad dinámica 5 min: círculos de cadera · balanceo frontal 10/lado · balanceo lateral 10/lado · círculos de tobillo · rotación de tronco
2. Caminar rápido 3 min
3. Arrancar 40 s/km más lento que el objetivo y subir progresivo. FC del primer km SIEMPRE ≤140
4. ⚑ En día fácil no hacen falta drills ni rectas. El trote es el calentamiento.","Rodaje base + 6 rectas
Volumen: 8 km
Ritmo: 4:40-5:06
Zona: Z2 base aerobica (141-152)","[VC1]
1. Bajar el ritmo naturalmente los últimos 5 min
2. Caminar 3 min
3. Estiramiento suave 30 s c/u: isquios · cuádriceps · gemelo · sóleo · flexor de cadera · glúteo",,"Rutina diaria (8 min): movilidad de tobillo 2' · 90/90 de cadera 2' · puente de glúteo x15 · plancha 45"" · respiración diafragmática 2'","Vuelve la fuerza. Pesado: 4x5 al 80-85%. La fuerza máxima no te hace lento, te hace económico."
2026-09-30,Miércoles,Semana 1 · LOS TESTS,Fase 1: Recalibración y base,Recuperación,5 km,≥5:08,Z1 regenerativo (≤140),"[C1]
1. Movilidad dinámica 5 min: círculos de cadera · balanceo frontal 10/lado · balanceo lateral 10/lado · círculos de tobillo · rotación de tronco
2. Caminar rápido 3 min
3. Arrancar 40 s/km más lento que el objetivo y subir progresivo. FC del primer km SIEMPRE ≤140
4. ⚑ En día fácil no hacen falta drills ni rectas. El trote es el calentamiento.","Recuperación
Volumen: 5 km
Ritmo: ≥5:08
Zona: Z1 regenerativo (≤140)","[VC1]
1. Bajar el ritmo naturalmente los últimos 5 min
2. Caminar 3 min
3. Estiramiento suave 30 s c/u: isquios · cuádriceps · gemelo · sóleo · flexor de cadera · glúteo",,"Rutina diaria (8 min): movilidad de tobillo 2' · 90/90 de cadera 2' · puente de glúteo x15 · plancha 45"" · respiración diafragmática 2'",Muy suave: el jueves es el test que define las zonas de los próximos 4 meses.
2026-10-01,Jueves,Semana 1 · LOS TESTS,Fase 1: Recalibración y base,TEST A — Contrarreloj de 30 min,13 km total,Máximo esfuerzo sostenible 30 min,define LT2 = FC media de los últimos 20 min,"[C5]
1. Movilidad dinámica 6 min
2. Trote 18 min: 12 min Z1 + 6 min subiendo a Z2
3. Drills 5 min + 5 rectas de 80 m, la última a ritmo objetivo
4. Sentarse 3 min. Banda de pecho colocada y señal comprobada ANTES de arrancar
5. ⚑ Protocolo idéntico cada vez que repitas el test: misma pista, misma hora, mismo desayuno.","TEST A — Contrarreloj de 30 min
Volumen: 13 km total
Ritmo: Máximo esfuerzo sostenible 30 min
Zona: define LT2 = FC media de los últimos 20 min
· 30 minutos al máximo esfuerzo SOSTENIBLE. No es un 10K ni un 5K: es lo máximo que aguantas 30 min exactos.
· Auto-lap cada 5 min, para poder aislar después los últimos 20.
· Los primeros 10 min NO pueden ser los más rápidos. Sal a un ritmo que creas sostenible; aprieta solo en los últimos 5.
· Banda de pecho, no muñeca: en 30 min a tope el sensor óptico se descuelga.
· LT2 (= LTHR) = FC MEDIA DE LOS ÚLTIMOS 20 MINUTOS. No la de los 30: los primeros 10 la ensucian mientras la FC sube.
· Ritmo de umbral = el ritmo medio de esos mismos 20 min. Debe coincidir con lo que la regresión predice para esa FC.
· Un 10K de competencia sirve igual: su FC media es LTHR ±2 lpm. Si corres uno, úsalo y ahórrate el test.
· Cargar: python3 zonas.py --lt2 <FC> --fecha <hoy> --metodo 'CR 30 min'   y luego gen_plan_v4.py","[VC2]
1. Trote MUY suave 10-12 min — FC por debajo de 140
2. Caminar 3 min
3. Estiramiento estático 6 min (30-45 s por músculo)
4. Foam roller 5 min: cuádriceps · banda iliotibial · gemelos · glúteos
5. Proteína + carbohidrato dentro de los 45 min
6. ⚑ Saltártela es la razón #1 de que un martes duro arruine el miércoles.",,"Rutina diaria (8 min): movilidad de tobillo 2' · 90/90 de cadera 2' · puente de glúteo x15 · plancha 45"" · respiración diafragmática 2'","EL DÍA MÁS IMPORTANTE DEL BLOQUE. Sin este número, todo lo demás es adivinar. El LTHR=186 del bloque pasado equivalía a ritmo de 3K: por eso ninguna sesión de umbral fue de umbral. Auto-lap cada 5 min y banda de pecho, obligatorio."
2026-10-02,Viernes,Semana 1 · LOS TESTS,Fase 1: Recalibración y base,Regenerativo — día ajustable,5 km,≥5:08,Z1 regenerativo (≤140),"[C1]
1. Movilidad dinámica 5 min: círculos de cadera · balanceo frontal 10/lado · balanceo lateral 10/lado · círculos de tobillo · rotación de tronco
2. Caminar rápido 3 min
3. Arrancar 40 s/km más lento que el objetivo y subir progresivo. FC del primer km SIEMPRE ≤140
4. ⚑ En día fácil no hacen falta drills ni rectas. El trote es el calentamiento.","Regenerativo — día ajustable
Volumen: 5 km
Ritmo: ≥5:08
Zona: Z1 regenerativo (≤140)","[VC1]
1. Bajar el ritmo naturalmente los últimos 5 min
2. Caminar 3 min
3. Estiramiento suave 30 s c/u: isquios · cuádriceps · gemelo · sóleo · flexor de cadera · glúteo","Movilidad 15 min · opcional en Comando Fuerza
• Solo movilidad y estiramiento. Cero carga.
• Es el tercer día de Comando Fuerza si lo quieres usar, pero sin tocar peso: el viernes existe para que el sábado haya fondo.","Rutina diaria (8 min): movilidad de tobillo 2' · 90/90 de cadera 2' · puente de glúteo x15 · plancha 45"" · respiración diafragmática 2'","DÍA AJUSTABLE. Regenerativo de verdad: FC por debajo de 140, y si dudas si vas demasiado suave, vas bien. Se puede cambiar por 40 min de bici o elíptica sin impacto. Y es el único día del plan que se puede convertir en descanso total sin recuperarlo: si el jueves salió mal, si dormiste mal o si algo molesta, hoy no corres y no pasa nada."
2026-10-03,Sábado,Semana 1 · LOS TESTS,Fase 1: Recalibración y base,FONDO,13 km,4:40-5:06,Z2 base aerobica (141-152),"[C3]
1. Movilidad dinámica 5 min con énfasis en cadera y tobillo
2. Los primeros 3 km del fondo en ≥5:08 — FC ≤140
3. ⚑ Esos 3 km CUENTAN dentro del volumen. Nunca salgas a ritmo de fondo desde el km 1.","FONDO
Volumen: 13 km
Ritmo: 4:40-5:06
Zona: Z2 base aerobica (141-152)","[VC3]
1. Último km trotando suave después del tramo progresivo
2. Caminar 5 min + hidratar con electrolitos
3. Estiramiento 6 min · piernas en alto contra la pared 5 min
4. Comida completa dentro de los 30-45 min. En fondos de 22+ km, 60-80 g de carbohidrato DURANTE.",,"Rutina diaria (8 min): movilidad de tobillo 2' · 90/90 de cadera 2' · puente de glúteo x15 · plancha 45"" · respiración diafragmática 2'","Por FC, no por ritmo. Hoy todavía con las zonas viejas: techo 150 y punto."
2026-10-04,Domingo,Semana 1 · LOS TESTS,Fase 1: Recalibración y base,TEST C — FCmax real,7 km total,3 x 2 min en cuesta: 80% · 90% · todo,FCmax (hoy solo hay 194 observada),"[C4]
1. Movilidad dinámica 5 min
2. Trote 15 min en Z1 (≤140) — llega a la cuesta caliente de verdad
3. Drills 4 min + 3 rectas progresivas en llano
4. 2 subidas de aproximación: una al 70% y otra al 85%
5. ⚑ CRÍTICO: nunca arranques a máximo en frío. El riesgo de isquios es real.","TEST C — FCmax real
Volumen: 7 km total
Ritmo: 3 x 2 min en cuesta: 80% · 90% · todo
Zona: FCmax (hoy solo hay 194 observada)
Descanso: 2 min bajando trotando.
· Cuesta de 3-5% de pendiente. 3 x 2 min: la 1ª al 80%, la 2ª al 90%, la 3ª a todo.
· 2 min de bajada trotando entre repeticiones.
· Los últimos 30 s de la tercera: máximo absoluto, sin reservar nada.
· Tomar el valor más alto de los 5 s finales, NO el promedio de la repetición.
· Cargar: python3 zonas.py --fcmax <FC> --fecha <hoy> --metodo 'test C cuestas'","[VC4]
1. Trote suave 8-10 min
2. Estiramiento con énfasis en isquios y gemelos
3. ⚑ Los esfuerzos máximos cargan el tendón. No te lo saltes.",,"Rutina diaria (8 min): movilidad de tobillo 2' · 90/90 de cadera 2' · puente de glúteo x15 · plancha 45"" · respiración diafragmática 2'","Hoy 194 es la máxima VISTA, no la máxima real. Define el techo de Z6."
2026-10-05,Lunes,Semana 2 · Primer sub-umbral real,Fase 1: Recalibración y base,Recuperación,5 km,≥5:08,Z1 regenerativo (≤140),"[C1]
1. Movilidad dinámica 5 min: círculos de cadera · balanceo frontal 10/lado · balanceo lateral 10/lado · círculos de tobillo · rotación de tronco
2. Caminar rápido 3 min
3. Arrancar 40 s/km más lento que el objetivo y subir progresivo. FC del primer km SIEMPRE ≤140
4. ⚑ En día fácil no hacen falta drills ni rectas. El trote es el calentamiento.","Recuperación
Volumen: 5 km
Ritmo: ≥5:08
Zona: Z1 regenerativo (≤140)","[VC1]
1. Bajar el ritmo naturalmente los últimos 5 min
2. Caminar 3 min
3. Estiramiento suave 30 s c/u: isquios · cuádriceps · gemelo · sóleo · flexor de cadera · glúteo",,"Rutina diaria (8 min): movilidad de tobillo 2' · 90/90 de cadera 2' · puente de glúteo x15 · plancha 45"" · respiración diafragmática 2'","Regenerativo estricto. FC techo 140: si la pasas, caminas. Nada de 'me sentí bien'."
2026-10-06,Martes,Semana 2 · Primer sub-umbral real,Fase 1: Recalibración y base,SUB-UMBRAL — introducción,11 km total,5 x 5 min a 3:48-3:59,Z4 sub-umbral (175-182),"[C2]
1. Movilidad dinámica 5 min
2. Trote progresivo 15-18 min terminando en 4:40-5:06. FC no debe pasar 152
3. Drills 5 min: skipping A 2x20 m · skipping B 2x20 m · talón-glúteo 2x20 m · carioca 2x20 m · taloneo rápido 2x20 m
4. 4 rectas progresivas de 80 m — la última al 95% del ritmo de la sesión. Vuelta caminando
5. Pausa 2-3 min: hidratar y respirar
6. ⚑ Si la primera repetición es la más rápida del día, calentaste mal o salió demasiado fuerte.","SUB-UMBRAL — introducción
Volumen: 11 km total
Ritmo: 5 x 5 min a 3:48-3:59
Zona: Z4 sub-umbral (175-182)
Descanso: 1 min de trote entre repeticiones.","[VC2]
1. Trote MUY suave 10-12 min — FC por debajo de 140
2. Caminar 3 min
3. Estiramiento estático 6 min (30-45 s por músculo)
4. Foam roller 5 min: cuádriceps · banda iliotibial · gemelos · glúteos
5. Proteína + carbohidrato dentro de los 45 min
6. ⚑ Saltártela es la razón #1 de que un martes duro arruine el miércoles.","FUERZA B — Pliometría + Core (35 min) · Comando Fuerza
• Sesión guiada en Comando Fuerza. Hoy toca PLIOMETRÍA: salto y rebote, calidad de gesto. Si se degrada la técnica se corta la serie — no se completa por completarla.
• Salto al cajón 4 x 5 (40-50 cm)
• Salto con contramovimiento 3 x 6
• Bounding / multisaltos 4 x 20 m
• Peso muerto a 1 pierna 3 x 8 por pierna
• Puente de glúteo a 1 pierna 3 x 12 · Pallof press 3 x 10 por lado
• Plancha lateral 3 x 30 s por lado
• → PLAN B sin gimnasio: todo esto sale en un parque, sin material.
• → bici o caminar 5 min + estiramiento 5 min + proteína en 30 min","Rutina diaria (8 min): movilidad de tobillo 2' · 90/90 de cadera 2' · puente de glúteo x15 · plancha 45"" · respiración diafragmática 2'","La primera sesión de umbral de verdad de tu historia registrada. Se corre por FC, con techo 182. Si el ritmo sale más rápido, MEJOR — pero la FC no se negocia."
2026-10-07,Miércoles,Semana 2 · Primer sub-umbral real,Fase 1: Recalibración y base,Rodaje base + 6 rectas,9 km,4:40-5:06,Z2 base aerobica (141-152),"[C1]
1. Movilidad dinámica 5 min: círculos de cadera · balanceo frontal 10/lado · balanceo lateral 10/lado · círculos de tobillo · rotación de tronco
2. Caminar rápido 3 min
3. Arrancar 40 s/km más lento que el objetivo y subir progresivo. FC del primer km SIEMPRE ≤140
4. ⚑ En día fácil no hacen falta drills ni rectas. El trote es el calentamiento.","Rodaje base + 6 rectas
Volumen: 9 km
Ritmo: 4:40-5:06
Zona: Z2 base aerobica (141-152)","[VC1]
1. Bajar el ritmo naturalmente los últimos 5 min
2. Caminar 3 min
3. Estiramiento suave 30 s c/u: isquios · cuádriceps · gemelo · sóleo · flexor de cadera · glúteo",,"Rutina diaria (8 min): movilidad de tobillo 2' · 90/90 de cadera 2' · puente de glúteo x15 · plancha 45"" · respiración diafragmática 2'","El grueso del volumen vive aquí. FC techo 152. Terminar con 6 rectas de 100 m en progresión, vuelta caminando."
2026-10-08,Jueves,Semana 2 · Primer sub-umbral real,Fase 1: Recalibración y base,TEMPO CONTINUO,11 km total,20 min continuos a 4:00-4:38,Z3 umbral aerobico (lt1) (153-174),"[C2]
1. Movilidad dinámica 5 min
2. Trote progresivo 15-18 min terminando en 4:40-5:06. FC no debe pasar 152
3. Drills 5 min: skipping A 2x20 m · skipping B 2x20 m · talón-glúteo 2x20 m · carioca 2x20 m · taloneo rápido 2x20 m
4. 4 rectas progresivas de 80 m — la última al 95% del ritmo de la sesión. Vuelta caminando
5. Pausa 2-3 min: hidratar y respirar
6. ⚑ Si la primera repetición es la más rápida del día, calentaste mal o salió demasiado fuerte.","TEMPO CONTINUO
Volumen: 11 km total
Ritmo: 20 min continuos a 4:00-4:38
Zona: Z3 umbral aerobico (lt1) (153-174)","[VC2]
1. Trote MUY suave 10-12 min — FC por debajo de 140
2. Caminar 3 min
3. Estiramiento estático 6 min (30-45 s por músculo)
4. Foam roller 5 min: cuádriceps · banda iliotibial · gemelos · glúteos
5. Proteína + carbohidrato dentro de los 45 min
6. ⚑ Saltártela es la razón #1 de que un martes duro arruine el miércoles.","FUERZA A — Máxima (45 min) · Comando Fuerza
• Sesión guiada en Comando Fuerza. Lo que hoy necesita el bloque es FUERZA MÁXIMA: carga alta, pocas repeticiones, descanso largo. Nada de circuitos con poco peso y muchas reps.
• Sentadilla trasera 4 x 5 @ 80-85% 1RM
• Peso muerto rumano 3 x 6 @ 75-80%
• Zancada con mancuernas 3 x 8 por pierna
• Elevación de gemelo a 1 pierna 3 x 12
• Plancha frontal 3 x 45 s · Dead bug 3 x 10 por lado
• → PLAN B sin gimnasio: la misma lista con mancuernas o peso corporal lastrado.
• → bici o caminar 5 min + estiramiento 5 min + proteína en 30 min","Rutina diaria (8 min): movilidad de tobillo 2' · 90/90 de cadera 2' · puente de glúteo x15 · plancha 45"" · respiración diafragmática 2'","Continuo, sin cortes. Aquí es donde el bloque pasado tenía un agujero: en 6 semanas no hubo ni un solo esfuerzo continuo entre 4:34 y 3:33 por km."
2026-10-09,Viernes,Semana 2 · Primer sub-umbral real,Fase 1: Recalibración y base,Regenerativo — día ajustable,5 km,≥5:08,Z1 regenerativo (≤140),"[C1]
1. Movilidad dinámica 5 min: círculos de cadera · balanceo frontal 10/lado · balanceo lateral 10/lado · círculos de tobillo · rotación de tronco
2. Caminar rápido 3 min
3. Arrancar 40 s/km más lento que el objetivo y subir progresivo. FC del primer km SIEMPRE ≤140
4. ⚑ En día fácil no hacen falta drills ni rectas. El trote es el calentamiento.","Regenerativo — día ajustable
Volumen: 5 km
Ritmo: ≥5:08
Zona: Z1 regenerativo (≤140)","[VC1]
1. Bajar el ritmo naturalmente los últimos 5 min
2. Caminar 3 min
3. Estiramiento suave 30 s c/u: isquios · cuádriceps · gemelo · sóleo · flexor de cadera · glúteo","Movilidad 15 min · opcional en Comando Fuerza
• Solo movilidad y estiramiento. Cero carga.
• Es el tercer día de Comando Fuerza si lo quieres usar, pero sin tocar peso: el viernes existe para que el sábado haya fondo.","Rutina diaria (8 min): movilidad de tobillo 2' · 90/90 de cadera 2' · puente de glúteo x15 · plancha 45"" · respiración diafragmática 2'","DÍA AJUSTABLE. Regenerativo de verdad: FC por debajo de 140, y si dudas si vas demasiado suave, vas bien. Se puede cambiar por 40 min de bici o elíptica sin impacto. Y es el único día del plan que se puede convertir en descanso total sin recuperarlo: si el jueves salió mal, si dormiste mal o si algo molesta, hoy no corres y no pasa nada."
2026-10-10,Sábado,Semana 2 · Primer sub-umbral real,Fase 1: Recalibración y base,FONDO + final progresivo,15 km,4:40-5:06 + últimos 3 km en 4:00-4:38,Z2 base aerobica (141-152) → Z3 (153-174),"[C3]
1. Movilidad dinámica 5 min con énfasis en cadera y tobillo
2. Los primeros 3 km del fondo en ≥5:08 — FC ≤140
3. ⚑ Esos 3 km CUENTAN dentro del volumen. Nunca salgas a ritmo de fondo desde el km 1.","FONDO + final progresivo
Volumen: 15 km
Ritmo: 4:40-5:06 + últimos 3 km en 4:00-4:38
Zona: Z2 base aerobica (141-152) → Z3 (153-174)","[VC3]
1. Último km trotando suave después del tramo progresivo
2. Caminar 5 min + hidratar con electrolitos
3. Estiramiento 6 min · piernas en alto contra la pared 5 min
4. Comida completa dentro de los 30-45 min. En fondos de 22+ km, 60-80 g de carbohidrato DURANTE.",,"Rutina diaria (8 min): movilidad de tobillo 2' · 90/90 de cadera 2' · puente de glúteo x15 · plancha 45"" · respiración diafragmática 2'","Los últimos 3 km entran en Z3 por FC, no por ritmo: el ritmo es la consecuencia."
2026-10-11,Domingo,Semana 2 · Primer sub-umbral real,Fase 1: Recalibración y base,TEST F — Velocidad máxima + cuestas cortas,6 km total,3 x 30 m volantes + 6 x 12 s cuesta,N neuromuscular (FC no aplica),"[C4]
1. Movilidad dinámica 5 min
2. Trote 15 min en Z1 (≤140) — llega a la cuesta caliente de verdad
3. Drills 4 min + 3 rectas progresivas en llano
4. 2 subidas de aproximación: una al 70% y otra al 85%
5. ⚑ CRÍTICO: nunca arranques a máximo en frío. El riesgo de isquios es real.","TEST F — Velocidad máxima + cuestas cortas
Volumen: 6 km total
Ritmo: 3 x 30 m volantes + 6 x 12 s cuesta
Zona: N neuromuscular (FC no aplica)
Descanso: Recuperación COMPLETA: 3 min entre volantes, caminar la bajada.
· 3 x 30 m volantes con 20 m de aceleración previa. 3 min COMPLETOS entre intentos.
· Cronometrar solo los 30 m centrales. Anotar el mejor.
· Velocidad máxima = 30 / mejor tiempo (m/s).  Reserva anaeróbica = Vmax - velocidad a VO2max.
· Se mide una vez por bloque para confirmar lo que ya sabemos: la velocidad sobra. No para entrenarla más.","[VC4]
1. Trote suave 8-10 min
2. Estiramiento con énfasis en isquios y gemelos
3. ⚑ Los esfuerzos máximos cargan el tendón. No te lo saltes.",,"Rutina diaria (8 min): movilidad de tobillo 2' · 90/90 de cadera 2' · puente de glúteo x15 · plancha 45"" · respiración diafragmática 2'",Se mide una vez y no se vuelve a tocar: confirma que la velocidad te sobra.
2026-10-12,Lunes,Semana 3 · Validación del umbral,Fase 1: Recalibración y base,Recuperación,5 km,≥5:08,Z1 regenerativo (≤140),"[C1]
1. Movilidad dinámica 5 min: círculos de cadera · balanceo frontal 10/lado · balanceo lateral 10/lado · círculos de tobillo · rotación de tronco
2. Caminar rápido 3 min
3. Arrancar 40 s/km más lento que el objetivo y subir progresivo. FC del primer km SIEMPRE ≤140
4. ⚑ En día fácil no hacen falta drills ni rectas. El trote es el calentamiento.","Recuperación
Volumen: 5 km
Ritmo: ≥5:08
Zona: Z1 regenerativo (≤140)","[VC1]
1. Bajar el ritmo naturalmente los últimos 5 min
2. Caminar 3 min
3. Estiramiento suave 30 s c/u: isquios · cuádriceps · gemelo · sóleo · flexor de cadera · glúteo",,"Rutina diaria (8 min): movilidad de tobillo 2' · 90/90 de cadera 2' · puente de glúteo x15 · plancha 45"" · respiración diafragmática 2'","Regenerativo estricto. FC techo 140: si la pasas, caminas. Nada de 'me sentí bien'."
2026-10-13,Martes,Semana 3 · Validación del umbral,Fase 1: Recalibración y base,SUB-UMBRAL,12 km total,6 x 6 min a 3:48-3:59,Z4 sub-umbral (175-182),"[C2]
1. Movilidad dinámica 5 min
2. Trote progresivo 15-18 min terminando en 4:40-5:06. FC no debe pasar 152
3. Drills 5 min: skipping A 2x20 m · skipping B 2x20 m · talón-glúteo 2x20 m · carioca 2x20 m · taloneo rápido 2x20 m
4. 4 rectas progresivas de 80 m — la última al 95% del ritmo de la sesión. Vuelta caminando
5. Pausa 2-3 min: hidratar y respirar
6. ⚑ Si la primera repetición es la más rápida del día, calentaste mal o salió demasiado fuerte.","SUB-UMBRAL
Volumen: 12 km total
Ritmo: 6 x 6 min a 3:48-3:59
Zona: Z4 sub-umbral (175-182)
Descanso: 1 min de trote.","[VC2]
1. Trote MUY suave 10-12 min — FC por debajo de 140
2. Caminar 3 min
3. Estiramiento estático 6 min (30-45 s por músculo)
4. Foam roller 5 min: cuádriceps · banda iliotibial · gemelos · glúteos
5. Proteína + carbohidrato dentro de los 45 min
6. ⚑ Saltártela es la razón #1 de que un martes duro arruine el miércoles.","FUERZA B — Pliometría + Core (35 min) · Comando Fuerza
• Sesión guiada en Comando Fuerza. Hoy toca PLIOMETRÍA: salto y rebote, calidad de gesto. Si se degrada la técnica se corta la serie — no se completa por completarla.
• Salto al cajón 4 x 5 (40-50 cm)
• Salto con contramovimiento 3 x 6
• Bounding / multisaltos 4 x 20 m
• Peso muerto a 1 pierna 3 x 8 por pierna
• Puente de glúteo a 1 pierna 3 x 12 · Pallof press 3 x 10 por lado
• Plancha lateral 3 x 30 s por lado
• → PLAN B sin gimnasio: todo esto sale en un parque, sin material.
• → bici o caminar 5 min + estiramiento 5 min + proteína en 30 min","Rutina diaria (8 min): movilidad de tobillo 2' · 90/90 de cadera 2' · puente de glúteo x15 · plancha 45"" · respiración diafragmática 2'","36 min acumulados en Z4. El control es la FC: debe estabilizarse dentro de la zona en los primeros 90 s de cada rep. Si entre la rep 2 y la 6 sube más de 3 lpm al mismo ritmo, la sesión salió demasiado fuerte y la siguiente se recorta."
2026-10-14,Miércoles,Semana 3 · Validación del umbral,Fase 1: Recalibración y base,Rodaje base + 6 rectas,10 km,4:40-5:06,Z2 base aerobica (141-152),"[C1]
1. Movilidad dinámica 5 min: círculos de cadera · balanceo frontal 10/lado · balanceo lateral 10/lado · círculos de tobillo · rotación de tronco
2. Caminar rápido 3 min
3. Arrancar 40 s/km más lento que el objetivo y subir progresivo. FC del primer km SIEMPRE ≤140
4. ⚑ En día fácil no hacen falta drills ni rectas. El trote es el calentamiento.","Rodaje base + 6 rectas
Volumen: 10 km
Ritmo: 4:40-5:06
Zona: Z2 base aerobica (141-152)","[VC1]
1. Bajar el ritmo naturalmente los últimos 5 min
2. Caminar 3 min
3. Estiramiento suave 30 s c/u: isquios · cuádriceps · gemelo · sóleo · flexor de cadera · glúteo",,"Rutina diaria (8 min): movilidad de tobillo 2' · 90/90 de cadera 2' · puente de glúteo x15 · plancha 45"" · respiración diafragmática 2'","El grueso del volumen vive aquí. FC techo 152. Terminar con 6 rectas de 100 m en progresión, vuelta caminando."
2026-10-15,Jueves,Semana 3 · Validación del umbral,Fase 1: Recalibración y base,UMBRAL CONTINUO,13 km total,2 x 12 min a 3:48-3:59,Z4 sub-umbral (175-182),"[C2]
1. Movilidad dinámica 5 min
2. Trote progresivo 15-18 min terminando en 4:40-5:06. FC no debe pasar 152
3. Drills 5 min: skipping A 2x20 m · skipping B 2x20 m · talón-glúteo 2x20 m · carioca 2x20 m · taloneo rápido 2x20 m
4. 4 rectas progresivas de 80 m — la última al 95% del ritmo de la sesión. Vuelta caminando
5. Pausa 2-3 min: hidratar y respirar
6. ⚑ Si la primera repetición es la más rápida del día, calentaste mal o salió demasiado fuerte.","UMBRAL CONTINUO
Volumen: 13 km total
Ritmo: 2 x 12 min a 3:48-3:59
Zona: Z4 sub-umbral (175-182)
Descanso: 3 min de trote.","[VC2]
1. Trote MUY suave 10-12 min — FC por debajo de 140
2. Caminar 3 min
3. Estiramiento estático 6 min (30-45 s por músculo)
4. Foam roller 5 min: cuádriceps · banda iliotibial · gemelos · glúteos
5. Proteína + carbohidrato dentro de los 45 min
6. ⚑ Saltártela es la razón #1 de que un martes duro arruine el miércoles.","FUERZA A — Máxima (45 min) · Comando Fuerza
• Sesión guiada en Comando Fuerza. Lo que hoy necesita el bloque es FUERZA MÁXIMA: carga alta, pocas repeticiones, descanso largo. Nada de circuitos con poco peso y muchas reps.
• Sentadilla trasera 4 x 5 @ 80-85% 1RM
• Peso muerto rumano 3 x 6 @ 75-80%
• Zancada con mancuernas 3 x 8 por pierna
• Elevación de gemelo a 1 pierna 3 x 12
• Plancha frontal 3 x 45 s · Dead bug 3 x 10 por lado
• → PLAN B sin gimnasio: la misma lista con mancuernas o peso corporal lastrado.
• → bici o caminar 5 min + estiramiento 5 min + proteína en 30 min","Rutina diaria (8 min): movilidad de tobillo 2' · 90/90 de cadera 2' · puente de glúteo x15 · plancha 45"" · respiración diafragmática 2'","Bloques largos y continuos. El sábado es test, así que hoy se termina con margen."
2026-10-16,Viernes,Semana 3 · Validación del umbral,Fase 1: Recalibración y base,Regenerativo — día ajustable,6 km,≥5:08,Z1 regenerativo (≤140),"[C1]
1. Movilidad dinámica 5 min: círculos de cadera · balanceo frontal 10/lado · balanceo lateral 10/lado · círculos de tobillo · rotación de tronco
2. Caminar rápido 3 min
3. Arrancar 40 s/km más lento que el objetivo y subir progresivo. FC del primer km SIEMPRE ≤140
4. ⚑ En día fácil no hacen falta drills ni rectas. El trote es el calentamiento.","Regenerativo — día ajustable
Volumen: 6 km
Ritmo: ≥5:08
Zona: Z1 regenerativo (≤140)","[VC1]
1. Bajar el ritmo naturalmente los últimos 5 min
2. Caminar 3 min
3. Estiramiento suave 30 s c/u: isquios · cuádriceps · gemelo · sóleo · flexor de cadera · glúteo","Movilidad 15 min · opcional en Comando Fuerza
• Solo movilidad y estiramiento. Cero carga.
• Es el tercer día de Comando Fuerza si lo quieres usar, pero sin tocar peso: el viernes existe para que el sábado haya fondo.","Rutina diaria (8 min): movilidad de tobillo 2' · 90/90 de cadera 2' · puente de glúteo x15 · plancha 45"" · respiración diafragmática 2'","DÍA AJUSTABLE. Regenerativo de verdad: FC por debajo de 140, y si dudas si vas demasiado suave, vas bien. Se puede cambiar por 40 min de bici o elíptica sin impacto. Y es el único día del plan que se puede convertir en descanso total sin recuperarlo: si el jueves salió mal, si dormiste mal o si algo molesta, hoy no corres y no pasa nada."
2026-10-17,Sábado,Semana 3 · Validación del umbral,Fase 1: Recalibración y base,TEST B — Deriva aeróbica,17 km total,10 min progresivos + 60 min clavado a 165 lpm,FC fija 165,"[C5]
1. Movilidad dinámica 6 min
2. Trote 18 min: 12 min Z1 + 6 min subiendo a Z2
3. Drills 5 min + 5 rectas de 80 m, la última a ritmo objetivo
4. Sentarse 3 min. Banda de pecho colocada y señal comprobada ANTES de arrancar
5. ⚑ Protocolo idéntico cada vez que repitas el test: misma pista, misma hora, mismo desayuno.","TEST B — Deriva aeróbica
Volumen: 17 km total
Ritmo: 10 min progresivos + 60 min clavado a 165 lpm
Zona: FC fija 165
· 10 min progresivos hasta la FC objetivo. Esos 10 min NO cuentan para el cálculo.
· 60 min continuos CLAVADO a una FC fija. Primer intento: 165 lpm (LT2 − 18).
· Auto-lap cada 15 min. Se corre por FC, no por ritmo: que el ritmo baje solo es exactamente lo que se mide.
· Partir los 60 min en dos mitades de 30 y calcular: razón = velocidad media / FC media de cada mitad.
· Deriva % = (razón_1 − razón_2) / razón_1 × 100.
· Menos del 5 % → estás en o por debajo de LT1: sube 3 lpm y repite. Más del 5 % → estás por encima: baja 3-4 lpm.
· LT1 = la FC más alta que todavía deja la deriva por debajo del 5 %.
· Cálculo automático: python3 zonas.py --deriva <ritmo1> <fc1> <ritmo2> <fc2>
· Prueba del habla en la misma sesión: LT1 es lo más rápido donde aún dices una frase entera cómoda.","[VC2]
1. Trote MUY suave 10-12 min — FC por debajo de 140
2. Caminar 3 min
3. Estiramiento estático 6 min (30-45 s por músculo)
4. Foam roller 5 min: cuádriceps · banda iliotibial · gemelos · glúteos
5. Proteína + carbohidrato dentro de los 45 min
6. ⚑ Saltártela es la razón #1 de que un martes duro arruine el miércoles.",,"Rutina diaria (8 min): movilidad de tobillo 2' · 90/90 de cadera 2' · puente de glúteo x15 · plancha 45"" · respiración diafragmática 2'",Este test ES el fondo de la semana: 60 min a FC constante. Lo que se mide no es el ritmo sino cuánto se cae solo al pasar los minutos. Auto-lap cada 15 min o no hay cómo calcularlo.
2026-10-18,Domingo,Semana 3 · Validación del umbral,Fase 1: Recalibración y base,Recuperación,5 km,≥5:08,Z1 regenerativo (≤140),"[C1]
1. Movilidad dinámica 5 min: círculos de cadera · balanceo frontal 10/lado · balanceo lateral 10/lado · círculos de tobillo · rotación de tronco
2. Caminar rápido 3 min
3. Arrancar 40 s/km más lento que el objetivo y subir progresivo. FC del primer km SIEMPRE ≤140
4. ⚑ En día fácil no hacen falta drills ni rectas. El trote es el calentamiento.","Recuperación
Volumen: 5 km
Ritmo: ≥5:08
Zona: Z1 regenerativo (≤140)","[VC1]
1. Bajar el ritmo naturalmente los últimos 5 min
2. Caminar 3 min
3. Estiramiento suave 30 s c/u: isquios · cuádriceps · gemelo · sóleo · flexor de cadera · glúteo",,"Rutina diaria (8 min): movilidad de tobillo 2' · 90/90 de cadera 2' · puente de glúteo x15 · plancha 45"" · respiración diafragmática 2'",Corto y suave. Mañana empieza la descarga.
2026-10-19,Lunes,Semana 4 · DESCARGA + primer marcador,Fase 1: Recalibración y base,Recuperación,5 km,≥5:08,Z1 regenerativo (≤140),"[C1]
1. Movilidad dinámica 5 min: círculos de cadera · balanceo frontal 10/lado · balanceo lateral 10/lado · círculos de tobillo · rotación de tronco
2. Caminar rápido 3 min
3. Arrancar 40 s/km más lento que el objetivo y subir progresivo. FC del primer km SIEMPRE ≤140
4. ⚑ En día fácil no hacen falta drills ni rectas. El trote es el calentamiento.","Recuperación
Volumen: 5 km
Ritmo: ≥5:08
Zona: Z1 regenerativo (≤140)","[VC1]
1. Bajar el ritmo naturalmente los últimos 5 min
2. Caminar 3 min
3. Estiramiento suave 30 s c/u: isquios · cuádriceps · gemelo · sóleo · flexor de cadera · glúteo",,"Rutina diaria (8 min): movilidad de tobillo 2' · 90/90 de cadera 2' · puente de glúteo x15 · plancha 45"" · respiración diafragmática 2'",Semana de descarga: volumen -16%. Aquí es donde se absorbe todo lo anterior.
2026-10-20,Martes,Semana 4 · DESCARGA + primer marcador,Fase 1: Recalibración y base,SUB-UMBRAL corto,10 km total,4 x 6 min a 3:48-3:59,Z4 sub-umbral (175-182),"[C2]
1. Movilidad dinámica 5 min
2. Trote progresivo 15-18 min terminando en 4:40-5:06. FC no debe pasar 152
3. Drills 5 min: skipping A 2x20 m · skipping B 2x20 m · talón-glúteo 2x20 m · carioca 2x20 m · taloneo rápido 2x20 m
4. 4 rectas progresivas de 80 m — la última al 95% del ritmo de la sesión. Vuelta caminando
5. Pausa 2-3 min: hidratar y respirar
6. ⚑ Si la primera repetición es la más rápida del día, calentaste mal o salió demasiado fuerte.","SUB-UMBRAL corto
Volumen: 10 km total
Ritmo: 4 x 6 min a 3:48-3:59
Zona: Z4 sub-umbral (175-182)
Descanso: 1 min de trote.","[VC2]
1. Trote MUY suave 10-12 min — FC por debajo de 140
2. Caminar 3 min
3. Estiramiento estático 6 min (30-45 s por músculo)
4. Foam roller 5 min: cuádriceps · banda iliotibial · gemelos · glúteos
5. Proteína + carbohidrato dentro de los 45 min
6. ⚑ Saltártela es la razón #1 de que un martes duro arruine el miércoles.","FUERZA A — Máxima (45 min) · Comando Fuerza
• Sesión guiada en Comando Fuerza. Lo que hoy necesita el bloque es FUERZA MÁXIMA: carga alta, pocas repeticiones, descanso largo. Nada de circuitos con poco peso y muchas reps.
• Sentadilla trasera 4 x 5 @ 80-85% 1RM
• Peso muerto rumano 3 x 6 @ 75-80%
• Zancada con mancuernas 3 x 8 por pierna
• Elevación de gemelo a 1 pierna 3 x 12
• Plancha frontal 3 x 45 s · Dead bug 3 x 10 por lado
• → PLAN B sin gimnasio: la misma lista con mancuernas o peso corporal lastrado.
• → bici o caminar 5 min + estiramiento 5 min + proteína en 30 min","Rutina diaria (8 min): movilidad de tobillo 2' · 90/90 de cadera 2' · puente de glúteo x15 · plancha 45"" · respiración diafragmática 2'","Solo 4 reps. Mantener el estímulo, no acumular fatiga: el jueves hay test."
2026-10-21,Miércoles,Semana 4 · DESCARGA + primer marcador,Fase 1: Recalibración y base,Rodaje base + 4 rectas,8 km,4:40-5:06,Z2 base aerobica (141-152),"[C1]
1. Movilidad dinámica 5 min: círculos de cadera · balanceo frontal 10/lado · balanceo lateral 10/lado · círculos de tobillo · rotación de tronco
2. Caminar rápido 3 min
3. Arrancar 40 s/km más lento que el objetivo y subir progresivo. FC del primer km SIEMPRE ≤140
4. ⚑ En día fácil no hacen falta drills ni rectas. El trote es el calentamiento.","Rodaje base + 4 rectas
Volumen: 8 km
Ritmo: 4:40-5:06
Zona: Z2 base aerobica (141-152)","[VC1]
1. Bajar el ritmo naturalmente los últimos 5 min
2. Caminar 3 min
3. Estiramiento suave 30 s c/u: isquios · cuádriceps · gemelo · sóleo · flexor de cadera · glúteo",,"Rutina diaria (8 min): movilidad de tobillo 2' · 90/90 de cadera 2' · puente de glúteo x15 · plancha 45"" · respiración diafragmática 2'","El grueso del volumen vive aquí. FC techo 152. Terminar con 4 rectas de 100 m en progresión, vuelta caminando."
2026-10-22,Jueves,Semana 4 · DESCARGA + primer marcador,Fase 1: Recalibración y base,TEST D — 3000 m contrarreloj,10 km total,"A tope, parciales cada 400 m",máxima,"[C2]
1. Movilidad dinámica 5 min
2. Trote progresivo 15-18 min terminando en 4:40-5:06. FC no debe pasar 152
3. Drills 5 min: skipping A 2x20 m · skipping B 2x20 m · talón-glúteo 2x20 m · carioca 2x20 m · taloneo rápido 2x20 m
4. 4 rectas progresivas de 80 m — la última al 95% del ritmo de la sesión. Vuelta caminando
5. Pausa 2-3 min: hidratar y respirar
6. ⚑ Si la primera repetición es la más rápida del día, calentaste mal o salió demasiado fuerte.","TEST D — 3000 m contrarreloj
Volumen: 10 km total
Ritmo: A tope, parciales cada 400 m
Zona: máxima
· 3000 m a tope en pista. Parciales cada 400 m.
· Salir al ritmo que creas sostenible, no al que quieras: los primeros 400 m deciden el test.
· Anotar tiempo total, parciales, FC media, FC máxima y cadencia.
· Predicción de 5K a la misma altitud: T5K ≈ T3000 × 1.75.
· Es el marcador honesto del bloque: un test a tope no se puede sobre-ejecutar.","[VC2]
1. Trote MUY suave 10-12 min — FC por debajo de 140
2. Caminar 3 min
3. Estiramiento estático 6 min (30-45 s por músculo)
4. Foam roller 5 min: cuádriceps · banda iliotibial · gemelos · glúteos
5. Proteína + carbohidrato dentro de los 45 min
6. ⚑ Saltártela es la razón #1 de que un martes duro arruine el miércoles.",,"Rutina diaria (8 min): movilidad de tobillo 2' · 90/90 de cadera 2' · puente de glúteo x15 · plancha 45"" · respiración diafragmática 2'",Primer marcador objetivo del bloque. Multiplica por 1.75 para tu 5K equivalente en CDMX. El 20 de septiembre corriste 17:47: eso son 10:10 en 3000 m. Cualquier cosa por debajo ya es progreso.
2026-10-23,Viernes,Semana 4 · DESCARGA + primer marcador,Fase 1: Recalibración y base,Regenerativo — día ajustable,5 km,≥5:08,Z1 regenerativo (≤140),"[C1]
1. Movilidad dinámica 5 min: círculos de cadera · balanceo frontal 10/lado · balanceo lateral 10/lado · círculos de tobillo · rotación de tronco
2. Caminar rápido 3 min
3. Arrancar 40 s/km más lento que el objetivo y subir progresivo. FC del primer km SIEMPRE ≤140
4. ⚑ En día fácil no hacen falta drills ni rectas. El trote es el calentamiento.","Regenerativo — día ajustable
Volumen: 5 km
Ritmo: ≥5:08
Zona: Z1 regenerativo (≤140)","[VC1]
1. Bajar el ritmo naturalmente los últimos 5 min
2. Caminar 3 min
3. Estiramiento suave 30 s c/u: isquios · cuádriceps · gemelo · sóleo · flexor de cadera · glúteo","Movilidad 15 min · opcional en Comando Fuerza
• Solo movilidad y estiramiento. Cero carga.
• Es el tercer día de Comando Fuerza si lo quieres usar, pero sin tocar peso: el viernes existe para que el sábado haya fondo.","Rutina diaria (8 min): movilidad de tobillo 2' · 90/90 de cadera 2' · puente de glúteo x15 · plancha 45"" · respiración diafragmática 2'","DÍA AJUSTABLE. Regenerativo de verdad: FC por debajo de 140, y si dudas si vas demasiado suave, vas bien. Se puede cambiar por 40 min de bici o elíptica sin impacto. Y es el único día del plan que se puede convertir en descanso total sin recuperarlo: si el jueves salió mal, si dormiste mal o si algo molesta, hoy no corres y no pasa nada."
2026-10-24,Sábado,Semana 4 · DESCARGA + primer marcador,Fase 1: Recalibración y base,FONDO,14 km,4:40-5:06,Z2 base aerobica (141-152),"[C3]
1. Movilidad dinámica 5 min con énfasis en cadera y tobillo
2. Los primeros 3 km del fondo en ≥5:08 — FC ≤140
3. ⚑ Esos 3 km CUENTAN dentro del volumen. Nunca salgas a ritmo de fondo desde el km 1.","FONDO
Volumen: 14 km
Ritmo: 4:40-5:06
Zona: Z2 base aerobica (141-152)","[VC3]
1. Último km trotando suave después del tramo progresivo
2. Caminar 5 min + hidratar con electrolitos
3. Estiramiento 6 min · piernas en alto contra la pared 5 min
4. Comida completa dentro de los 30-45 min. En fondos de 22+ km, 60-80 g de carbohidrato DURANTE.",,"Rutina diaria (8 min): movilidad de tobillo 2' · 90/90 de cadera 2' · puente de glúteo x15 · plancha 45"" · respiración diafragmática 2'",Fondo corto y plano. Confía en la descarga.
2026-10-25,Domingo,Semana 4 · DESCARGA + primer marcador,Fase 1: Recalibración y base,Recuperación,5 km,≥5:08,Z1 regenerativo (≤140),"[C1]
1. Movilidad dinámica 5 min: círculos de cadera · balanceo frontal 10/lado · balanceo lateral 10/lado · círculos de tobillo · rotación de tronco
2. Caminar rápido 3 min
3. Arrancar 40 s/km más lento que el objetivo y subir progresivo. FC del primer km SIEMPRE ≤140
4. ⚑ En día fácil no hacen falta drills ni rectas. El trote es el calentamiento.","Recuperación
Volumen: 5 km
Ritmo: ≥5:08
Zona: Z1 regenerativo (≤140)","[VC1]
1. Bajar el ritmo naturalmente los últimos 5 min
2. Caminar 3 min
3. Estiramiento suave 30 s c/u: isquios · cuádriceps · gemelo · sóleo · flexor de cadera · glúteo",,"Rutina diaria (8 min): movilidad de tobillo 2' · 90/90 de cadera 2' · puente de glúteo x15 · plancha 45"" · respiración diafragmática 2'","Regenerativo estricto. FC techo 140: si la pasas, caminas. Nada de 'me sentí bien'."
2026-10-26,Lunes,Semana 5 · Empieza el DOBLE UMBRAL,Fase 2: Umbral — el motor,Recuperación,5 km,≥5:08,Z1 regenerativo (≤140),"[C1]
1. Movilidad dinámica 5 min: círculos de cadera · balanceo frontal 10/lado · balanceo lateral 10/lado · círculos de tobillo · rotación de tronco
2. Caminar rápido 3 min
3. Arrancar 40 s/km más lento que el objetivo y subir progresivo. FC del primer km SIEMPRE ≤140
4. ⚑ En día fácil no hacen falta drills ni rectas. El trote es el calentamiento.","Recuperación
Volumen: 5 km
Ritmo: ≥5:08
Zona: Z1 regenerativo (≤140)","[VC1]
1. Bajar el ritmo naturalmente los últimos 5 min
2. Caminar 3 min
3. Estiramiento suave 30 s c/u: isquios · cuádriceps · gemelo · sóleo · flexor de cadera · glúteo",,"Rutina diaria (8 min): movilidad de tobillo 2' · 90/90 de cadera 2' · puente de glúteo x15 · plancha 45"" · respiración diafragmática 2'","Regenerativo estricto. FC techo 140: si la pasas, caminas. Nada de 'me sentí bien'."
2026-10-27,Martes,Semana 5 · Empieza el DOBLE UMBRAL,Fase 2: Umbral — el motor,DOBLE UMBRAL — 1ª sesión (AM),12 km total,5 x 6 min a 3:48-3:59 · 4-6 palabras,Z4 sub-umbral (175-182),"[C2]
1. Movilidad dinámica 5 min
2. Trote progresivo 15-18 min terminando en 4:40-5:06. FC no debe pasar 152
3. Drills 5 min: skipping A 2x20 m · skipping B 2x20 m · talón-glúteo 2x20 m · carioca 2x20 m · taloneo rápido 2x20 m
4. 4 rectas progresivas de 80 m — la última al 95% del ritmo de la sesión. Vuelta caminando
5. Pausa 2-3 min: hidratar y respirar
6. ⚑ Si la primera repetición es la más rápida del día, calentaste mal o salió demasiado fuerte.","DOBLE UMBRAL — 1ª sesión (AM)
Volumen: 12 km total
Ritmo: 5 x 6 min a 3:48-3:59 · 4-6 palabras
Zona: Z4 sub-umbral (175-182)
Descanso: 1 min de trote.","[VC2]
1. Trote MUY suave 10-12 min — FC por debajo de 140
2. Caminar 3 min
3. Estiramiento estático 6 min (30-45 s por músculo)
4. Foam roller 5 min: cuádriceps · banda iliotibial · gemelos · glúteos
5. Proteína + carbohidrato dentro de los 45 min
6. ⚑ Saltártela es la razón #1 de que un martes duro arruine el miércoles.","2ª SESIÓN DE UMBRAL — 8 x 3 min a 3:39-3:47
• Volumen total 9 km con calentamiento y vuelta a la calma incluidos
• FC techo 189. Si la pasas, acortas la rep — no la aguantes.
• Control sin lactómetro: FC 183-189, 2-3 palabras seguidas como máximo. La FC debe estabilizarse en los primeros 90 s de cada rep y no subir más de 3 lpm entre la rep 2 y la última.
• ⚑ Esta sesión existe porque el estímulo de umbral se acumula mejor partido en dos que junto en una.","Rutina diaria (8 min): movilidad de tobillo 2' · 90/90 de cadera 2' · puente de glúteo x15 · plancha 45"" · respiración diafragmática 2'","El martes se parte en dos: mañana el volumen de umbral, tarde la intensidad de umbral. Así se acumulan 50+ min de trabajo de umbral por día sin entrar nunca en zona de daño."
2026-10-28,Miércoles,Semana 5 · Empieza el DOBLE UMBRAL,Fase 2: Umbral — el motor,Rodaje base + 6 rectas,9 km,4:40-5:06,Z2 base aerobica (141-152),"[C1]
1. Movilidad dinámica 5 min: círculos de cadera · balanceo frontal 10/lado · balanceo lateral 10/lado · círculos de tobillo · rotación de tronco
2. Caminar rápido 3 min
3. Arrancar 40 s/km más lento que el objetivo y subir progresivo. FC del primer km SIEMPRE ≤140
4. ⚑ En día fácil no hacen falta drills ni rectas. El trote es el calentamiento.","Rodaje base + 6 rectas
Volumen: 9 km
Ritmo: 4:40-5:06
Zona: Z2 base aerobica (141-152)","[VC1]
1. Bajar el ritmo naturalmente los últimos 5 min
2. Caminar 3 min
3. Estiramiento suave 30 s c/u: isquios · cuádriceps · gemelo · sóleo · flexor de cadera · glúteo",,"Rutina diaria (8 min): movilidad de tobillo 2' · 90/90 de cadera 2' · puente de glúteo x15 · plancha 45"" · respiración diafragmática 2'","El grueso del volumen vive aquí. FC techo 152. Terminar con 6 rectas de 100 m en progresión, vuelta caminando."
2026-10-29,Jueves,Semana 5 · Empieza el DOBLE UMBRAL,Fase 2: Umbral — el motor,UMBRAL CONTINUO,12 km total,2 x 15 min a 3:48-3:59,Z4 sub-umbral (175-182),"[C2]
1. Movilidad dinámica 5 min
2. Trote progresivo 15-18 min terminando en 4:40-5:06. FC no debe pasar 152
3. Drills 5 min: skipping A 2x20 m · skipping B 2x20 m · talón-glúteo 2x20 m · carioca 2x20 m · taloneo rápido 2x20 m
4. 4 rectas progresivas de 80 m — la última al 95% del ritmo de la sesión. Vuelta caminando
5. Pausa 2-3 min: hidratar y respirar
6. ⚑ Si la primera repetición es la más rápida del día, calentaste mal o salió demasiado fuerte.","UMBRAL CONTINUO
Volumen: 12 km total
Ritmo: 2 x 15 min a 3:48-3:59
Zona: Z4 sub-umbral (175-182)
Descanso: 3 min de trote.","[VC2]
1. Trote MUY suave 10-12 min — FC por debajo de 140
2. Caminar 3 min
3. Estiramiento estático 6 min (30-45 s por músculo)
4. Foam roller 5 min: cuádriceps · banda iliotibial · gemelos · glúteos
5. Proteína + carbohidrato dentro de los 45 min
6. ⚑ Saltártela es la razón #1 de que un martes duro arruine el miércoles.","FUERZA A — Máxima (45 min) · Comando Fuerza
• Sesión guiada en Comando Fuerza. Lo que hoy necesita el bloque es FUERZA MÁXIMA: carga alta, pocas repeticiones, descanso largo. Nada de circuitos con poco peso y muchas reps.
• Sentadilla trasera 4 x 5 @ 80-85% 1RM
• Peso muerto rumano 3 x 6 @ 75-80%
• Zancada con mancuernas 3 x 8 por pierna
• Elevación de gemelo a 1 pierna 3 x 12
• Plancha frontal 3 x 45 s · Dead bug 3 x 10 por lado
• → PLAN B sin gimnasio: la misma lista con mancuernas o peso corporal lastrado.
• → bici o caminar 5 min + estiramiento 5 min + proteína en 30 min","Rutina diaria (8 min): movilidad de tobillo 2' · 90/90 de cadera 2' · puente de glúteo x15 · plancha 45"" · respiración diafragmática 2'","Bloques largos. El objetivo es tiempo bajo tensión aeróbica, no velocidad."
2026-10-30,Viernes,Semana 5 · Empieza el DOBLE UMBRAL,Fase 2: Umbral — el motor,Regenerativo — día ajustable,5 km,≥5:08,Z1 regenerativo (≤140),"[C1]
1. Movilidad dinámica 5 min: círculos de cadera · balanceo frontal 10/lado · balanceo lateral 10/lado · círculos de tobillo · rotación de tronco
2. Caminar rápido 3 min
3. Arrancar 40 s/km más lento que el objetivo y subir progresivo. FC del primer km SIEMPRE ≤140
4. ⚑ En día fácil no hacen falta drills ni rectas. El trote es el calentamiento.","Regenerativo — día ajustable
Volumen: 5 km
Ritmo: ≥5:08
Zona: Z1 regenerativo (≤140)","[VC1]
1. Bajar el ritmo naturalmente los últimos 5 min
2. Caminar 3 min
3. Estiramiento suave 30 s c/u: isquios · cuádriceps · gemelo · sóleo · flexor de cadera · glúteo","Movilidad 15 min · opcional en Comando Fuerza
• Solo movilidad y estiramiento. Cero carga.
• Es el tercer día de Comando Fuerza si lo quieres usar, pero sin tocar peso: el viernes existe para que el sábado haya fondo.","Rutina diaria (8 min): movilidad de tobillo 2' · 90/90 de cadera 2' · puente de glúteo x15 · plancha 45"" · respiración diafragmática 2'","DÍA AJUSTABLE. Regenerativo de verdad: FC por debajo de 140, y si dudas si vas demasiado suave, vas bien. Se puede cambiar por 40 min de bici o elíptica sin impacto. Y es el único día del plan que se puede convertir en descanso total sin recuperarlo: si el jueves salió mal, si dormiste mal o si algo molesta, hoy no corres y no pasa nada."
2026-10-31,Sábado,Semana 5 · Empieza el DOBLE UMBRAL,Fase 2: Umbral — el motor,FONDO + final progresivo,15 km,4:40-5:06 + últimos 5 km en 4:00-4:38,Z2 base aerobica (141-152) → Z3 (153-174),"[C3]
1. Movilidad dinámica 5 min con énfasis en cadera y tobillo
2. Los primeros 3 km del fondo en ≥5:08 — FC ≤140
3. ⚑ Esos 3 km CUENTAN dentro del volumen. Nunca salgas a ritmo de fondo desde el km 1.","FONDO + final progresivo
Volumen: 15 km
Ritmo: 4:40-5:06 + últimos 5 km en 4:00-4:38
Zona: Z2 base aerobica (141-152) → Z3 (153-174)","[VC3]
1. Último km trotando suave después del tramo progresivo
2. Caminar 5 min + hidratar con electrolitos
3. Estiramiento 6 min · piernas en alto contra la pared 5 min
4. Comida completa dentro de los 30-45 min. En fondos de 22+ km, 60-80 g de carbohidrato DURANTE.",,"Rutina diaria (8 min): movilidad de tobillo 2' · 90/90 de cadera 2' · puente de glúteo x15 · plancha 45"" · respiración diafragmática 2'","Los últimos 5 km entran en Z3 por FC, no por ritmo: el ritmo es la consecuencia."
2026-11-01,Domingo,Semana 5 · Empieza el DOBLE UMBRAL,Fase 2: Umbral — el motor,CUESTAS cortas — neuromuscular,6 km total,10 x 20 s cuesta fuerte,N neuromuscular (FC no aplica),"[C4]
1. Movilidad dinámica 5 min
2. Trote 15 min en Z1 (≤140) — llega a la cuesta caliente de verdad
3. Drills 4 min + 3 rectas progresivas en llano
4. 2 subidas de aproximación: una al 70% y otra al 85%
5. ⚑ CRÍTICO: nunca arranques a máximo en frío. El riesgo de isquios es real.","CUESTAS cortas — neuromuscular
Volumen: 6 km total
Ritmo: 10 x 20 s cuesta fuerte
Zona: N neuromuscular (FC no aplica)
Descanso: Bajar CAMINANDO. Recuperación completa.","[VC4]
1. Trote suave 8-10 min
2. Estiramiento con énfasis en isquios y gemelos
3. ⚑ Los esfuerzos máximos cargan el tendón. No te lo saltes.","FUERZA B — Pliometría + Core (35 min) · Comando Fuerza
• Sesión guiada en Comando Fuerza. Hoy toca PLIOMETRÍA: salto y rebote, calidad de gesto. Si se degrada la técnica se corta la serie — no se completa por completarla.
• Salto al cajón 4 x 5 (40-50 cm)
• Salto con contramovimiento 3 x 6
• Bounding / multisaltos 4 x 20 m
• Peso muerto a 1 pierna 3 x 8 por pierna
• Puente de glúteo a 1 pierna 3 x 12 · Pallof press 3 x 10 por lado
• Plancha lateral 3 x 30 s por lado
• → PLAN B sin gimnasio: todo esto sale en un parque, sin material.
• → bici o caminar 5 min + estiramiento 5 min + proteína en 30 min","Rutina diaria (8 min): movilidad de tobillo 2' · 90/90 de cadera 2' · puente de glúteo x15 · plancha 45"" · respiración diafragmática 2'",Tu velocidad ya es buena: esto solo la mantiene barata. No es una sesión de esfuerzo.
2026-11-02,Lunes,Semana 6 · Carga,Fase 2: Umbral — el motor,Recuperación,5 km,≥5:08,Z1 regenerativo (≤140),"[C1]
1. Movilidad dinámica 5 min: círculos de cadera · balanceo frontal 10/lado · balanceo lateral 10/lado · círculos de tobillo · rotación de tronco
2. Caminar rápido 3 min
3. Arrancar 40 s/km más lento que el objetivo y subir progresivo. FC del primer km SIEMPRE ≤140
4. ⚑ En día fácil no hacen falta drills ni rectas. El trote es el calentamiento.","Recuperación
Volumen: 5 km
Ritmo: ≥5:08
Zona: Z1 regenerativo (≤140)","[VC1]
1. Bajar el ritmo naturalmente los últimos 5 min
2. Caminar 3 min
3. Estiramiento suave 30 s c/u: isquios · cuádriceps · gemelo · sóleo · flexor de cadera · glúteo",,"Rutina diaria (8 min): movilidad de tobillo 2' · 90/90 de cadera 2' · puente de glúteo x15 · plancha 45"" · respiración diafragmática 2'","Regenerativo estricto. FC techo 140: si la pasas, caminas. Nada de 'me sentí bien'."
2026-11-03,Martes,Semana 6 · Carga,Fase 2: Umbral — el motor,DOBLE UMBRAL — 1ª sesión (AM),12 km total,6 x 6 min a 3:48-3:59 · 4-6 palabras,Z4 sub-umbral (175-182),"[C2]
1. Movilidad dinámica 5 min
2. Trote progresivo 15-18 min terminando en 4:40-5:06. FC no debe pasar 152
3. Drills 5 min: skipping A 2x20 m · skipping B 2x20 m · talón-glúteo 2x20 m · carioca 2x20 m · taloneo rápido 2x20 m
4. 4 rectas progresivas de 80 m — la última al 95% del ritmo de la sesión. Vuelta caminando
5. Pausa 2-3 min: hidratar y respirar
6. ⚑ Si la primera repetición es la más rápida del día, calentaste mal o salió demasiado fuerte.","DOBLE UMBRAL — 1ª sesión (AM)
Volumen: 12 km total
Ritmo: 6 x 6 min a 3:48-3:59 · 4-6 palabras
Zona: Z4 sub-umbral (175-182)
Descanso: 1 min de trote.","[VC2]
1. Trote MUY suave 10-12 min — FC por debajo de 140
2. Caminar 3 min
3. Estiramiento estático 6 min (30-45 s por músculo)
4. Foam roller 5 min: cuádriceps · banda iliotibial · gemelos · glúteos
5. Proteína + carbohidrato dentro de los 45 min
6. ⚑ Saltártela es la razón #1 de que un martes duro arruine el miércoles.","2ª SESIÓN DE UMBRAL — 5 x 5 min a 3:39-3:47
• Volumen total 9 km con calentamiento y vuelta a la calma incluidos
• FC techo 189. Si la pasas, acortas la rep — no la aguantes.
• Control sin lactómetro: FC 183-189, 2-3 palabras seguidas como máximo. La FC debe estabilizarse en los primeros 90 s de cada rep y no subir más de 3 lpm entre la rep 2 y la última.
• ⚑ Esta sesión existe porque el estímulo de umbral se acumula mejor partido en dos que junto en una.","Rutina diaria (8 min): movilidad de tobillo 2' · 90/90 de cadera 2' · puente de glúteo x15 · plancha 45"" · respiración diafragmática 2'",36 min en Z4 por la mañana.
2026-11-04,Miércoles,Semana 6 · Carga,Fase 2: Umbral — el motor,Rodaje base + 6 rectas,10 km,4:40-5:06,Z2 base aerobica (141-152),"[C1]
1. Movilidad dinámica 5 min: círculos de cadera · balanceo frontal 10/lado · balanceo lateral 10/lado · círculos de tobillo · rotación de tronco
2. Caminar rápido 3 min
3. Arrancar 40 s/km más lento que el objetivo y subir progresivo. FC del primer km SIEMPRE ≤140
4. ⚑ En día fácil no hacen falta drills ni rectas. El trote es el calentamiento.","Rodaje base + 6 rectas
Volumen: 10 km
Ritmo: 4:40-5:06
Zona: Z2 base aerobica (141-152)","[VC1]
1. Bajar el ritmo naturalmente los últimos 5 min
2. Caminar 3 min
3. Estiramiento suave 30 s c/u: isquios · cuádriceps · gemelo · sóleo · flexor de cadera · glúteo",,"Rutina diaria (8 min): movilidad de tobillo 2' · 90/90 de cadera 2' · puente de glúteo x15 · plancha 45"" · respiración diafragmática 2'","El grueso del volumen vive aquí. FC techo 152. Terminar con 6 rectas de 100 m en progresión, vuelta caminando."
2026-11-05,Jueves,Semana 6 · Carga,Fase 2: Umbral — el motor,UMBRAL — reps largas,12 km total,4 x 2000 m a 3:39-3:47,Z5 umbral / mlss (lt2) (183-189),"[C2]
1. Movilidad dinámica 5 min
2. Trote progresivo 15-18 min terminando en 4:40-5:06. FC no debe pasar 152
3. Drills 5 min: skipping A 2x20 m · skipping B 2x20 m · talón-glúteo 2x20 m · carioca 2x20 m · taloneo rápido 2x20 m
4. 4 rectas progresivas de 80 m — la última al 95% del ritmo de la sesión. Vuelta caminando
5. Pausa 2-3 min: hidratar y respirar
6. ⚑ Si la primera repetición es la más rápida del día, calentaste mal o salió demasiado fuerte.","UMBRAL — reps largas
Volumen: 12 km total
Ritmo: 4 x 2000 m a 3:39-3:47
Zona: Z5 umbral / mlss (lt2) (183-189)
Descanso: 2 min de trote.","[VC2]
1. Trote MUY suave 10-12 min — FC por debajo de 140
2. Caminar 3 min
3. Estiramiento estático 6 min (30-45 s por músculo)
4. Foam roller 5 min: cuádriceps · banda iliotibial · gemelos · glúteos
5. Proteína + carbohidrato dentro de los 45 min
6. ⚑ Saltártela es la razón #1 de que un martes duro arruine el miércoles.","FUERZA A — Máxima (45 min) · Comando Fuerza
• Sesión guiada en Comando Fuerza. Lo que hoy necesita el bloque es FUERZA MÁXIMA: carga alta, pocas repeticiones, descanso largo. Nada de circuitos con poco peso y muchas reps.
• Sentadilla trasera 4 x 5 @ 80-85% 1RM
• Peso muerto rumano 3 x 6 @ 75-80%
• Zancada con mancuernas 3 x 8 por pierna
• Elevación de gemelo a 1 pierna 3 x 12
• Plancha frontal 3 x 45 s · Dead bug 3 x 10 por lado
• → PLAN B sin gimnasio: la misma lista con mancuernas o peso corporal lastrado.
• → bici o caminar 5 min + estiramiento 5 min + proteína en 30 min","Rutina diaria (8 min): movilidad de tobillo 2' · 90/90 de cadera 2' · puente de glúteo x15 · plancha 45"" · respiración diafragmática 2'",Ritmo de 10K. FC techo 189. Máximo 30 min acumulados en Z5 por sesión.
2026-11-06,Viernes,Semana 6 · Carga,Fase 2: Umbral — el motor,Regenerativo — día ajustable,6 km,≥5:08,Z1 regenerativo (≤140),"[C1]
1. Movilidad dinámica 5 min: círculos de cadera · balanceo frontal 10/lado · balanceo lateral 10/lado · círculos de tobillo · rotación de tronco
2. Caminar rápido 3 min
3. Arrancar 40 s/km más lento que el objetivo y subir progresivo. FC del primer km SIEMPRE ≤140
4. ⚑ En día fácil no hacen falta drills ni rectas. El trote es el calentamiento.","Regenerativo — día ajustable
Volumen: 6 km
Ritmo: ≥5:08
Zona: Z1 regenerativo (≤140)","[VC1]
1. Bajar el ritmo naturalmente los últimos 5 min
2. Caminar 3 min
3. Estiramiento suave 30 s c/u: isquios · cuádriceps · gemelo · sóleo · flexor de cadera · glúteo","Movilidad 15 min · opcional en Comando Fuerza
• Solo movilidad y estiramiento. Cero carga.
• Es el tercer día de Comando Fuerza si lo quieres usar, pero sin tocar peso: el viernes existe para que el sábado haya fondo.","Rutina diaria (8 min): movilidad de tobillo 2' · 90/90 de cadera 2' · puente de glúteo x15 · plancha 45"" · respiración diafragmática 2'","DÍA AJUSTABLE. Regenerativo de verdad: FC por debajo de 140, y si dudas si vas demasiado suave, vas bien. Se puede cambiar por 40 min de bici o elíptica sin impacto. Y es el único día del plan que se puede convertir en descanso total sin recuperarlo: si el jueves salió mal, si dormiste mal o si algo molesta, hoy no corres y no pasa nada."
2026-11-07,Sábado,Semana 6 · Carga,Fase 2: Umbral — el motor,FONDO + final progresivo,19 km,4:40-5:06 + últimos 5 km en 4:00-4:38,Z2 base aerobica (141-152) → Z3 (153-174),"[C3]
1. Movilidad dinámica 5 min con énfasis en cadera y tobillo
2. Los primeros 3 km del fondo en ≥5:08 — FC ≤140
3. ⚑ Esos 3 km CUENTAN dentro del volumen. Nunca salgas a ritmo de fondo desde el km 1.","FONDO + final progresivo
Volumen: 19 km
Ritmo: 4:40-5:06 + últimos 5 km en 4:00-4:38
Zona: Z2 base aerobica (141-152) → Z3 (153-174)","[VC3]
1. Último km trotando suave después del tramo progresivo
2. Caminar 5 min + hidratar con electrolitos
3. Estiramiento 6 min · piernas en alto contra la pared 5 min
4. Comida completa dentro de los 30-45 min. En fondos de 22+ km, 60-80 g de carbohidrato DURANTE.",,"Rutina diaria (8 min): movilidad de tobillo 2' · 90/90 de cadera 2' · puente de glúteo x15 · plancha 45"" · respiración diafragmática 2'","Los últimos 5 km entran en Z3 por FC, no por ritmo: el ritmo es la consecuencia."
2026-11-08,Domingo,Semana 6 · Carga,Fase 2: Umbral — el motor,CUESTAS cortas,6 km total,8 x 20 s cuesta fuerte,N neuromuscular (FC no aplica),"[C4]
1. Movilidad dinámica 5 min
2. Trote 15 min en Z1 (≤140) — llega a la cuesta caliente de verdad
3. Drills 4 min + 3 rectas progresivas en llano
4. 2 subidas de aproximación: una al 70% y otra al 85%
5. ⚑ CRÍTICO: nunca arranques a máximo en frío. El riesgo de isquios es real.","CUESTAS cortas
Volumen: 6 km total
Ritmo: 8 x 20 s cuesta fuerte
Zona: N neuromuscular (FC no aplica)
Descanso: Bajar caminando.","[VC4]
1. Trote suave 8-10 min
2. Estiramiento con énfasis en isquios y gemelos
3. ⚑ Los esfuerzos máximos cargan el tendón. No te lo saltes.","FUERZA B — Pliometría + Core (35 min) · Comando Fuerza
• Sesión guiada en Comando Fuerza. Hoy toca PLIOMETRÍA: salto y rebote, calidad de gesto. Si se degrada la técnica se corta la serie — no se completa por completarla.
• Salto al cajón 4 x 5 (40-50 cm)
• Salto con contramovimiento 3 x 6
• Bounding / multisaltos 4 x 20 m
• Peso muerto a 1 pierna 3 x 8 por pierna
• Puente de glúteo a 1 pierna 3 x 12 · Pallof press 3 x 10 por lado
• Plancha lateral 3 x 30 s por lado
• → PLAN B sin gimnasio: todo esto sale en un parque, sin material.
• → bici o caminar 5 min + estiramiento 5 min + proteína en 30 min","Rutina diaria (8 min): movilidad de tobillo 2' · 90/90 de cadera 2' · puente de glúteo x15 · plancha 45"" · respiración diafragmática 2'","Mantenimiento. Si las piernas están cargadas del sábado, se cambia por 6 km Z1 y ya."
2026-11-09,Lunes,Semana 7 · Pico de Fase 2 + retest,Fase 2: Umbral — el motor,Recuperación + doble,5 km,≥5:08,Z1 regenerativo (≤140),"[C1]
1. Movilidad dinámica 5 min: círculos de cadera · balanceo frontal 10/lado · balanceo lateral 10/lado · círculos de tobillo · rotación de tronco
2. Caminar rápido 3 min
3. Arrancar 40 s/km más lento que el objetivo y subir progresivo. FC del primer km SIEMPRE ≤140
4. ⚑ En día fácil no hacen falta drills ni rectas. El trote es el calentamiento.","Recuperación + doble
Volumen: 5 km
Ritmo: ≥5:08
Zona: Z1 regenerativo (≤140)","[VC1]
1. Bajar el ritmo naturalmente los últimos 5 min
2. Caminar 3 min
3. Estiramiento suave 30 s c/u: isquios · cuádriceps · gemelo · sóleo · flexor de cadera · glúteo","DOBLE — Trote regenerativo 5 km
• Ritmo ≥5:08, FC por debajo de 140
• Es volumen aeróbico barato: su único trabajo es sumar km sin fatiga.
• Si te cuesta arrancar, camina 5 min primero. Si sigue costando, sáltalo sin culpa.","Rutina diaria (8 min): movilidad de tobillo 2' · 90/90 de cadera 2' · puente de glúteo x15 · plancha 45"" · respiración diafragmática 2'","Primer día con doble regenerativo: 8 km AM + 5 km PM, los dos por debajo de 140. Así es como se sube el volumen sin subir la fatiga."
2026-11-10,Martes,Semana 7 · Pico de Fase 2 + retest,Fase 2: Umbral — el motor,DOBLE UMBRAL — 1ª sesión (AM),13 km total,7 x 6 min a 3:48-3:59 · 4-6 palabras,Z4 sub-umbral (175-182),"[C2]
1. Movilidad dinámica 5 min
2. Trote progresivo 15-18 min terminando en 4:40-5:06. FC no debe pasar 152
3. Drills 5 min: skipping A 2x20 m · skipping B 2x20 m · talón-glúteo 2x20 m · carioca 2x20 m · taloneo rápido 2x20 m
4. 4 rectas progresivas de 80 m — la última al 95% del ritmo de la sesión. Vuelta caminando
5. Pausa 2-3 min: hidratar y respirar
6. ⚑ Si la primera repetición es la más rápida del día, calentaste mal o salió demasiado fuerte.","DOBLE UMBRAL — 1ª sesión (AM)
Volumen: 13 km total
Ritmo: 7 x 6 min a 3:48-3:59 · 4-6 palabras
Zona: Z4 sub-umbral (175-182)
Descanso: 1 min de trote.","[VC2]
1. Trote MUY suave 10-12 min — FC por debajo de 140
2. Caminar 3 min
3. Estiramiento estático 6 min (30-45 s por músculo)
4. Foam roller 5 min: cuádriceps · banda iliotibial · gemelos · glúteos
5. Proteína + carbohidrato dentro de los 45 min
6. ⚑ Saltártela es la razón #1 de que un martes duro arruine el miércoles.","2ª SESIÓN DE UMBRAL — 10 x 3 min a 3:39-3:47
• Volumen total 10 km con calentamiento y vuelta a la calma incluidos
• FC techo 189. Si la pasas, acortas la rep — no la aguantes.
• Control sin lactómetro: FC 183-189, 2-3 palabras seguidas como máximo. La FC debe estabilizarse en los primeros 90 s de cada rep y no subir más de 3 lpm entre la rep 2 y la última.
• ⚑ Esta sesión existe porque el estímulo de umbral se acumula mejor partido en dos que junto en una.","Rutina diaria (8 min): movilidad de tobillo 2' · 90/90 de cadera 2' · puente de glúteo x15 · plancha 45"" · respiración diafragmática 2'",42 min en Z4. La sesión más grande de umbral hasta ahora.
2026-11-11,Miércoles,Semana 7 · Pico de Fase 2 + retest,Fase 2: Umbral — el motor,Rodaje base + 6 rectas,10 km,4:40-5:06,Z2 base aerobica (141-152),"[C1]
1. Movilidad dinámica 5 min: círculos de cadera · balanceo frontal 10/lado · balanceo lateral 10/lado · círculos de tobillo · rotación de tronco
2. Caminar rápido 3 min
3. Arrancar 40 s/km más lento que el objetivo y subir progresivo. FC del primer km SIEMPRE ≤140
4. ⚑ En día fácil no hacen falta drills ni rectas. El trote es el calentamiento.","Rodaje base + 6 rectas
Volumen: 10 km
Ritmo: 4:40-5:06
Zona: Z2 base aerobica (141-152)","[VC1]
1. Bajar el ritmo naturalmente los últimos 5 min
2. Caminar 3 min
3. Estiramiento suave 30 s c/u: isquios · cuádriceps · gemelo · sóleo · flexor de cadera · glúteo",,"Rutina diaria (8 min): movilidad de tobillo 2' · 90/90 de cadera 2' · puente de glúteo x15 · plancha 45"" · respiración diafragmática 2'","El grueso del volumen vive aquí. FC techo 152. Terminar con 6 rectas de 100 m en progresión, vuelta caminando."
2026-11-12,Jueves,Semana 7 · Pico de Fase 2 + retest,Fase 2: Umbral — el motor,TEST A — Retest de 30 min (6 semanas),12 km total,Máximo esfuerzo sostenible 30 min,reubica LT2,"[C5]
1. Movilidad dinámica 6 min
2. Trote 18 min: 12 min Z1 + 6 min subiendo a Z2
3. Drills 5 min + 5 rectas de 80 m, la última a ritmo objetivo
4. Sentarse 3 min. Banda de pecho colocada y señal comprobada ANTES de arrancar
5. ⚑ Protocolo idéntico cada vez que repitas el test: misma pista, misma hora, mismo desayuno.","TEST A — Retest de 30 min (6 semanas)
Volumen: 12 km total
Ritmo: Máximo esfuerzo sostenible 30 min
Zona: reubica LT2
· 30 minutos al máximo esfuerzo SOSTENIBLE. No es un 10K ni un 5K: es lo máximo que aguantas 30 min exactos.
· Auto-lap cada 5 min, para poder aislar después los últimos 20.
· Los primeros 10 min NO pueden ser los más rápidos. Sal a un ritmo que creas sostenible; aprieta solo en los últimos 5.
· Banda de pecho, no muñeca: en 30 min a tope el sensor óptico se descuelga.
· LT2 (= LTHR) = FC MEDIA DE LOS ÚLTIMOS 20 MINUTOS. No la de los 30: los primeros 10 la ensucian mientras la FC sube.
· Ritmo de umbral = el ritmo medio de esos mismos 20 min. Debe coincidir con lo que la regresión predice para esa FC.
· Un 10K de competencia sirve igual: su FC media es LTHR ±2 lpm. Si corres uno, úsalo y ahórrate el test.
· Cargar: python3 zonas.py --lt2 <FC> --fecha <hoy> --metodo 'CR 30 min'   y luego gen_plan_v4.py","[VC2]
1. Trote MUY suave 10-12 min — FC por debajo de 140
2. Caminar 3 min
3. Estiramiento estático 6 min (30-45 s por músculo)
4. Foam roller 5 min: cuádriceps · banda iliotibial · gemelos · glúteos
5. Proteína + carbohidrato dentro de los 45 min
6. ⚑ Saltártela es la razón #1 de que un martes duro arruine el miércoles.",,"Rutina diaria (8 min): movilidad de tobillo 2' · 90/90 de cadera 2' · puente de glúteo x15 · plancha 45"" · respiración diafragmática 2'","Mismo circuito y misma hora que el 1 de octubre, o el dato no es comparable. Lo que debe haber cambiado no es la FC: es el RITMO a esa misma FC. Cargar el resultado y regenerar el plan — las 11 semanas restantes se recalculan solas."
2026-11-13,Viernes,Semana 7 · Pico de Fase 2 + retest,Fase 2: Umbral — el motor,Regenerativo — día ajustable,6 km,≥5:08,Z1 regenerativo (≤140),"[C1]
1. Movilidad dinámica 5 min: círculos de cadera · balanceo frontal 10/lado · balanceo lateral 10/lado · círculos de tobillo · rotación de tronco
2. Caminar rápido 3 min
3. Arrancar 40 s/km más lento que el objetivo y subir progresivo. FC del primer km SIEMPRE ≤140
4. ⚑ En día fácil no hacen falta drills ni rectas. El trote es el calentamiento.","Regenerativo — día ajustable
Volumen: 6 km
Ritmo: ≥5:08
Zona: Z1 regenerativo (≤140)","[VC1]
1. Bajar el ritmo naturalmente los últimos 5 min
2. Caminar 3 min
3. Estiramiento suave 30 s c/u: isquios · cuádriceps · gemelo · sóleo · flexor de cadera · glúteo","Movilidad 15 min · opcional en Comando Fuerza
• Solo movilidad y estiramiento. Cero carga.
• Es el tercer día de Comando Fuerza si lo quieres usar, pero sin tocar peso: el viernes existe para que el sábado haya fondo.","Rutina diaria (8 min): movilidad de tobillo 2' · 90/90 de cadera 2' · puente de glúteo x15 · plancha 45"" · respiración diafragmática 2'","DÍA AJUSTABLE. Regenerativo de verdad: FC por debajo de 140, y si dudas si vas demasiado suave, vas bien. Se puede cambiar por 40 min de bici o elíptica sin impacto. Y es el único día del plan que se puede convertir en descanso total sin recuperarlo: si el jueves salió mal, si dormiste mal o si algo molesta, hoy no corres y no pasa nada."
2026-11-14,Sábado,Semana 7 · Pico de Fase 2 + retest,Fase 2: Umbral — el motor,FONDO + final progresivo,18 km,4:40-5:06 + últimos 5 km en 4:00-4:38,Z2 base aerobica (141-152) → Z3 (153-174),"[C3]
1. Movilidad dinámica 5 min con énfasis en cadera y tobillo
2. Los primeros 3 km del fondo en ≥5:08 — FC ≤140
3. ⚑ Esos 3 km CUENTAN dentro del volumen. Nunca salgas a ritmo de fondo desde el km 1.","FONDO + final progresivo
Volumen: 18 km
Ritmo: 4:40-5:06 + últimos 5 km en 4:00-4:38
Zona: Z2 base aerobica (141-152) → Z3 (153-174)","[VC3]
1. Último km trotando suave después del tramo progresivo
2. Caminar 5 min + hidratar con electrolitos
3. Estiramiento 6 min · piernas en alto contra la pared 5 min
4. Comida completa dentro de los 30-45 min. En fondos de 22+ km, 60-80 g de carbohidrato DURANTE.",,"Rutina diaria (8 min): movilidad de tobillo 2' · 90/90 de cadera 2' · puente de glúteo x15 · plancha 45"" · respiración diafragmática 2'","Los últimos 5 km entran en Z3 por FC, no por ritmo: el ritmo es la consecuencia."
2026-11-15,Domingo,Semana 7 · Pico de Fase 2 + retest,Fase 2: Umbral — el motor,CUESTAS cortas,6 km total,8 x 20 s,N neuromuscular (FC no aplica),"[C4]
1. Movilidad dinámica 5 min
2. Trote 15 min en Z1 (≤140) — llega a la cuesta caliente de verdad
3. Drills 4 min + 3 rectas progresivas en llano
4. 2 subidas de aproximación: una al 70% y otra al 85%
5. ⚑ CRÍTICO: nunca arranques a máximo en frío. El riesgo de isquios es real.","CUESTAS cortas
Volumen: 6 km total
Ritmo: 8 x 20 s
Zona: N neuromuscular (FC no aplica)
Descanso: Bajar caminando.","[VC4]
1. Trote suave 8-10 min
2. Estiramiento con énfasis en isquios y gemelos
3. ⚑ Los esfuerzos máximos cargan el tendón. No te lo saltes.","FUERZA B — Pliometría + Core (35 min) · Comando Fuerza
• Sesión guiada en Comando Fuerza. Hoy toca PLIOMETRÍA: salto y rebote, calidad de gesto. Si se degrada la técnica se corta la serie — no se completa por completarla.
• Salto al cajón 4 x 5 (40-50 cm)
• Salto con contramovimiento 3 x 6
• Bounding / multisaltos 4 x 20 m
• Peso muerto a 1 pierna 3 x 8 por pierna
• Puente de glúteo a 1 pierna 3 x 12 · Pallof press 3 x 10 por lado
• Plancha lateral 3 x 30 s por lado
• → PLAN B sin gimnasio: todo esto sale en un parque, sin material.
• → bici o caminar 5 min + estiramiento 5 min + proteína en 30 min","Rutina diaria (8 min): movilidad de tobillo 2' · 90/90 de cadera 2' · puente de glúteo x15 · plancha 45"" · respiración diafragmática 2'",Suave. Mañana empieza descarga.
2026-11-16,Lunes,Semana 8 · DESCARGA + Velocidad Crítica,Fase 2: Umbral — el motor,Recuperación,8 km,≥5:08,Z1 regenerativo (≤140),"[C1]
1. Movilidad dinámica 5 min: círculos de cadera · balanceo frontal 10/lado · balanceo lateral 10/lado · círculos de tobillo · rotación de tronco
2. Caminar rápido 3 min
3. Arrancar 40 s/km más lento que el objetivo y subir progresivo. FC del primer km SIEMPRE ≤140
4. ⚑ En día fácil no hacen falta drills ni rectas. El trote es el calentamiento.","Recuperación
Volumen: 8 km
Ritmo: ≥5:08
Zona: Z1 regenerativo (≤140)","[VC1]
1. Bajar el ritmo naturalmente los últimos 5 min
2. Caminar 3 min
3. Estiramiento suave 30 s c/u: isquios · cuádriceps · gemelo · sóleo · flexor de cadera · glúteo",,"Rutina diaria (8 min): movilidad de tobillo 2' · 90/90 de cadera 2' · puente de glúteo x15 · plancha 45"" · respiración diafragmática 2'","Regenerativo estricto. FC techo 140: si la pasas, caminas. Nada de 'me sentí bien'."
2026-11-17,Martes,Semana 8 · DESCARGA + Velocidad Crítica,Fase 2: Umbral — el motor,SUB-UMBRAL de mantenimiento,12 km total,5 x 6 min a 3:48-3:59,Z4 sub-umbral (175-182),"[C2]
1. Movilidad dinámica 5 min
2. Trote progresivo 15-18 min terminando en 4:40-5:06. FC no debe pasar 152
3. Drills 5 min: skipping A 2x20 m · skipping B 2x20 m · talón-glúteo 2x20 m · carioca 2x20 m · taloneo rápido 2x20 m
4. 4 rectas progresivas de 80 m — la última al 95% del ritmo de la sesión. Vuelta caminando
5. Pausa 2-3 min: hidratar y respirar
6. ⚑ Si la primera repetición es la más rápida del día, calentaste mal o salió demasiado fuerte.","SUB-UMBRAL de mantenimiento
Volumen: 12 km total
Ritmo: 5 x 6 min a 3:48-3:59
Zona: Z4 sub-umbral (175-182)
Descanso: 1 min de trote.","[VC2]
1. Trote MUY suave 10-12 min — FC por debajo de 140
2. Caminar 3 min
3. Estiramiento estático 6 min (30-45 s por músculo)
4. Foam roller 5 min: cuádriceps · banda iliotibial · gemelos · glúteos
5. Proteína + carbohidrato dentro de los 45 min
6. ⚑ Saltártela es la razón #1 de que un martes duro arruine el miércoles.","FUERZA A — Máxima (45 min) · Comando Fuerza
• Sesión guiada en Comando Fuerza. Lo que hoy necesita el bloque es FUERZA MÁXIMA: carga alta, pocas repeticiones, descanso largo. Nada de circuitos con poco peso y muchas reps.
• Sentadilla trasera 4 x 5 @ 80-85% 1RM
• Peso muerto rumano 3 x 6 @ 75-80%
• Zancada con mancuernas 3 x 8 por pierna
• Elevación de gemelo a 1 pierna 3 x 12
• Plancha frontal 3 x 45 s · Dead bug 3 x 10 por lado
• → PLAN B sin gimnasio: la misma lista con mancuernas o peso corporal lastrado.
• → bici o caminar 5 min + estiramiento 5 min + proteína en 30 min","Rutina diaria (8 min): movilidad de tobillo 2' · 90/90 de cadera 2' · puente de glúteo x15 · plancha 45"" · respiración diafragmática 2'","Descarga: se mantiene el estímulo, se recorta el volumen."
2026-11-18,Miércoles,Semana 8 · DESCARGA + Velocidad Crítica,Fase 2: Umbral — el motor,Rodaje base + 6 rectas,11 km,4:40-5:06,Z2 base aerobica (141-152),"[C1]
1. Movilidad dinámica 5 min: círculos de cadera · balanceo frontal 10/lado · balanceo lateral 10/lado · círculos de tobillo · rotación de tronco
2. Caminar rápido 3 min
3. Arrancar 40 s/km más lento que el objetivo y subir progresivo. FC del primer km SIEMPRE ≤140
4. ⚑ En día fácil no hacen falta drills ni rectas. El trote es el calentamiento.","Rodaje base + 6 rectas
Volumen: 11 km
Ritmo: 4:40-5:06
Zona: Z2 base aerobica (141-152)","[VC1]
1. Bajar el ritmo naturalmente los últimos 5 min
2. Caminar 3 min
3. Estiramiento suave 30 s c/u: isquios · cuádriceps · gemelo · sóleo · flexor de cadera · glúteo",,"Rutina diaria (8 min): movilidad de tobillo 2' · 90/90 de cadera 2' · puente de glúteo x15 · plancha 45"" · respiración diafragmática 2'","El grueso del volumen vive aquí. FC techo 152. Terminar con 6 rectas de 100 m en progresión, vuelta caminando."
2026-11-19,Jueves,Semana 8 · DESCARGA + Velocidad Crítica,Fase 2: Umbral — el motor,TEST E — día 1: 1200 m contrarreloj,10 km total,A tope,máxima,"[C2]
1. Movilidad dinámica 5 min
2. Trote progresivo 15-18 min terminando en 4:40-5:06. FC no debe pasar 152
3. Drills 5 min: skipping A 2x20 m · skipping B 2x20 m · talón-glúteo 2x20 m · carioca 2x20 m · taloneo rápido 2x20 m
4. 4 rectas progresivas de 80 m — la última al 95% del ritmo de la sesión. Vuelta caminando
5. Pausa 2-3 min: hidratar y respirar
6. ⚑ Si la primera repetición es la más rápida del día, calentaste mal o salió demasiado fuerte.","TEST E — día 1: 1200 m contrarreloj
Volumen: 10 km total
Ritmo: A tope
Zona: máxima
· Par de contrarrelojes con 48 h de separación: hoy 1200 m a tope, el sábado 3600 m a tope.
· CS = (3600 - 1200) / (t3600 - t1200)  en m/s.     D' = 1200 - CS × t1200  en metros.
· 5K predicho = (5000 - D') / CS.
· Sin lactómetro, CS es el segundo pilar: debe coincidir con el ritmo de umbral del Test A dentro de 2-3 s/km.
· Comprobación extra: dos días después, 20 min clavado al ritmo de CS. La FC en la que te estabilices ES tu LT2.","[VC2]
1. Trote MUY suave 10-12 min — FC por debajo de 140
2. Caminar 3 min
3. Estiramiento estático 6 min (30-45 s por músculo)
4. Foam roller 5 min: cuádriceps · banda iliotibial · gemelos · glúteos
5. Proteína + carbohidrato dentro de los 45 min
6. ⚑ Saltártela es la razón #1 de que un martes duro arruine el miércoles.",,"Rutina diaria (8 min): movilidad de tobillo 2' · 90/90 de cadera 2' · puente de glúteo x15 · plancha 45"" · respiración diafragmática 2'",Primera mitad del par para calcular Velocidad Crítica. El sábado va el 3600 m.
2026-11-20,Viernes,Semana 8 · DESCARGA + Velocidad Crítica,Fase 2: Umbral — el motor,Recuperación,5 km,≥5:08,Z1 regenerativo (≤140),"[C1]
1. Movilidad dinámica 5 min: círculos de cadera · balanceo frontal 10/lado · balanceo lateral 10/lado · círculos de tobillo · rotación de tronco
2. Caminar rápido 3 min
3. Arrancar 40 s/km más lento que el objetivo y subir progresivo. FC del primer km SIEMPRE ≤140
4. ⚑ En día fácil no hacen falta drills ni rectas. El trote es el calentamiento.","Recuperación
Volumen: 5 km
Ritmo: ≥5:08
Zona: Z1 regenerativo (≤140)","[VC1]
1. Bajar el ritmo naturalmente los últimos 5 min
2. Caminar 3 min
3. Estiramiento suave 30 s c/u: isquios · cuádriceps · gemelo · sóleo · flexor de cadera · glúteo",,"Rutina diaria (8 min): movilidad de tobillo 2' · 90/90 de cadera 2' · puente de glúteo x15 · plancha 45"" · respiración diafragmática 2'",Muy suave: mañana es la segunda contrarreloj.
2026-11-21,Sábado,Semana 8 · DESCARGA + Velocidad Crítica,Fase 2: Umbral — el motor,TEST E — día 2: 3600 m contrarreloj,13 km total,A tope,máxima,"[C2]
1. Movilidad dinámica 5 min
2. Trote progresivo 15-18 min terminando en 4:40-5:06. FC no debe pasar 152
3. Drills 5 min: skipping A 2x20 m · skipping B 2x20 m · talón-glúteo 2x20 m · carioca 2x20 m · taloneo rápido 2x20 m
4. 4 rectas progresivas de 80 m — la última al 95% del ritmo de la sesión. Vuelta caminando
5. Pausa 2-3 min: hidratar y respirar
6. ⚑ Si la primera repetición es la más rápida del día, calentaste mal o salió demasiado fuerte.","TEST E — día 2: 3600 m contrarreloj
Volumen: 13 km total
Ritmo: A tope
Zona: máxima
· Par de contrarrelojes con 48 h de separación: hoy 1200 m a tope, el sábado 3600 m a tope.
· CS = (3600 - 1200) / (t3600 - t1200)  en m/s.     D' = 1200 - CS × t1200  en metros.
· 5K predicho = (5000 - D') / CS.
· Sin lactómetro, CS es el segundo pilar: debe coincidir con el ritmo de umbral del Test A dentro de 2-3 s/km.
· Comprobación extra: dos días después, 20 min clavado al ritmo de CS. La FC en la que te estabilices ES tu LT2.","[VC2]
1. Trote MUY suave 10-12 min — FC por debajo de 140
2. Caminar 3 min
3. Estiramiento estático 6 min (30-45 s por músculo)
4. Foam roller 5 min: cuádriceps · banda iliotibial · gemelos · glúteos
5. Proteína + carbohidrato dentro de los 45 min
6. ⚑ Saltártela es la razón #1 de que un martes duro arruine el miércoles.",,"Rutina diaria (8 min): movilidad de tobillo 2' · 90/90 de cadera 2' · puente de glúteo x15 · plancha 45"" · respiración diafragmática 2'","Con este par sale CS y D'. En septiembre tu CS era 4.49 m/s (3:42.7/km) y predecía 18:02; corriste 17:47. Si CS sube a 4.75 m/s, el 5K predicho baja a ~17:00."
2026-11-22,Domingo,Semana 8 · DESCARGA + Velocidad Crítica,Fase 2: Umbral — el motor,Recuperación,7 km,≥5:08,Z1 regenerativo (≤140),"[C1]
1. Movilidad dinámica 5 min: círculos de cadera · balanceo frontal 10/lado · balanceo lateral 10/lado · círculos de tobillo · rotación de tronco
2. Caminar rápido 3 min
3. Arrancar 40 s/km más lento que el objetivo y subir progresivo. FC del primer km SIEMPRE ≤140
4. ⚑ En día fácil no hacen falta drills ni rectas. El trote es el calentamiento.","Recuperación
Volumen: 7 km
Ritmo: ≥5:08
Zona: Z1 regenerativo (≤140)","[VC1]
1. Bajar el ritmo naturalmente los últimos 5 min
2. Caminar 3 min
3. Estiramiento suave 30 s c/u: isquios · cuádriceps · gemelo · sóleo · flexor de cadera · glúteo",,"Rutina diaria (8 min): movilidad de tobillo 2' · 90/90 de cadera 2' · puente de glúteo x15 · plancha 45"" · respiración diafragmática 2'","Regenerativo estricto. FC techo 140: si la pasas, caminas. Nada de 'me sentí bien'."
2026-11-23,Lunes,Semana 9 · Entra el VO2,Fase 3: Umbral + VO2 · pico de volumen,Recuperación + doble,5 km,≥5:08,Z1 regenerativo (≤140),"[C1]
1. Movilidad dinámica 5 min: círculos de cadera · balanceo frontal 10/lado · balanceo lateral 10/lado · círculos de tobillo · rotación de tronco
2. Caminar rápido 3 min
3. Arrancar 40 s/km más lento que el objetivo y subir progresivo. FC del primer km SIEMPRE ≤140
4. ⚑ En día fácil no hacen falta drills ni rectas. El trote es el calentamiento.","Recuperación + doble
Volumen: 5 km
Ritmo: ≥5:08
Zona: Z1 regenerativo (≤140)","[VC1]
1. Bajar el ritmo naturalmente los últimos 5 min
2. Caminar 3 min
3. Estiramiento suave 30 s c/u: isquios · cuádriceps · gemelo · sóleo · flexor de cadera · glúteo","DOBLE — Trote regenerativo 5 km
• Ritmo ≥5:08, FC por debajo de 140
• Es volumen aeróbico barato: su único trabajo es sumar km sin fatiga.
• Si te cuesta arrancar, camina 5 min primero. Si sigue costando, sáltalo sin culpa.","Rutina diaria (8 min): movilidad de tobillo 2' · 90/90 de cadera 2' · puente de glúteo x15 · plancha 45"" · respiración diafragmática 2'",
2026-11-24,Martes,Semana 9 · Entra el VO2,Fase 3: Umbral + VO2 · pico de volumen,DOBLE UMBRAL — 1ª sesión (AM),14 km total,6 x 8 min a 3:48-3:59 · 4-6 palabras,Z4 sub-umbral (175-182),"[C2]
1. Movilidad dinámica 5 min
2. Trote progresivo 15-18 min terminando en 4:40-5:06. FC no debe pasar 152
3. Drills 5 min: skipping A 2x20 m · skipping B 2x20 m · talón-glúteo 2x20 m · carioca 2x20 m · taloneo rápido 2x20 m
4. 4 rectas progresivas de 80 m — la última al 95% del ritmo de la sesión. Vuelta caminando
5. Pausa 2-3 min: hidratar y respirar
6. ⚑ Si la primera repetición es la más rápida del día, calentaste mal o salió demasiado fuerte.","DOBLE UMBRAL — 1ª sesión (AM)
Volumen: 14 km total
Ritmo: 6 x 8 min a 3:48-3:59 · 4-6 palabras
Zona: Z4 sub-umbral (175-182)
Descanso: 90 s de trote.","[VC2]
1. Trote MUY suave 10-12 min — FC por debajo de 140
2. Caminar 3 min
3. Estiramiento estático 6 min (30-45 s por músculo)
4. Foam roller 5 min: cuádriceps · banda iliotibial · gemelos · glúteos
5. Proteína + carbohidrato dentro de los 45 min
6. ⚑ Saltártela es la razón #1 de que un martes duro arruine el miércoles.","2ª SESIÓN DE UMBRAL — 4 x 6 min a 3:39-3:47
• Volumen total 9 km con calentamiento y vuelta a la calma incluidos
• FC techo 189. Si la pasas, acortas la rep — no la aguantes.
• Control sin lactómetro: FC 183-189, 2-3 palabras seguidas como máximo. La FC debe estabilizarse en los primeros 90 s de cada rep y no subir más de 3 lpm entre la rep 2 y la última.
• ⚑ Esta sesión existe porque el estímulo de umbral se acumula mejor partido en dos que junto en una.","Rutina diaria (8 min): movilidad de tobillo 2' · 90/90 de cadera 2' · puente de glúteo x15 · plancha 45"" · respiración diafragmática 2'","48 min en Z4. Reps más largas, misma FC."
2026-11-25,Miércoles,Semana 9 · Entra el VO2,Fase 3: Umbral + VO2 · pico de volumen,Rodaje base + 6 rectas,12 km,4:40-5:06,Z2 base aerobica (141-152),"[C1]
1. Movilidad dinámica 5 min: círculos de cadera · balanceo frontal 10/lado · balanceo lateral 10/lado · círculos de tobillo · rotación de tronco
2. Caminar rápido 3 min
3. Arrancar 40 s/km más lento que el objetivo y subir progresivo. FC del primer km SIEMPRE ≤140
4. ⚑ En día fácil no hacen falta drills ni rectas. El trote es el calentamiento.","Rodaje base + 6 rectas
Volumen: 12 km
Ritmo: 4:40-5:06
Zona: Z2 base aerobica (141-152)","[VC1]
1. Bajar el ritmo naturalmente los últimos 5 min
2. Caminar 3 min
3. Estiramiento suave 30 s c/u: isquios · cuádriceps · gemelo · sóleo · flexor de cadera · glúteo",,"Rutina diaria (8 min): movilidad de tobillo 2' · 90/90 de cadera 2' · puente de glúteo x15 · plancha 45"" · respiración diafragmática 2'","El grueso del volumen vive aquí. FC techo 152. Terminar con 6 rectas de 100 m en progresión, vuelta caminando."
2026-11-26,Jueves,Semana 9 · Entra el VO2,Fase 3: Umbral + VO2 · pico de volumen,VO2max,13 km total,5 x 1000 m a 3:15-3:20,Z6 vo2max (190-190),"[C2]
1. Movilidad dinámica 5 min
2. Trote progresivo 15-18 min terminando en 4:40-5:06. FC no debe pasar 152
3. Drills 5 min: skipping A 2x20 m · skipping B 2x20 m · talón-glúteo 2x20 m · carioca 2x20 m · taloneo rápido 2x20 m
4. 4 rectas progresivas de 80 m — la última al 95% del ritmo de la sesión. Vuelta caminando
5. Pausa 2-3 min: hidratar y respirar
6. ⚑ Si la primera repetición es la más rápida del día, calentaste mal o salió demasiado fuerte.","VO2max
Volumen: 13 km total
Ritmo: 5 x 1000 m a 3:15-3:20
Zona: Z6 vo2max (190-190)
Descanso: 2:30 de trote — recuperación amplia de verdad.","[VC2]
1. Trote MUY suave 10-12 min — FC por debajo de 140
2. Caminar 3 min
3. Estiramiento estático 6 min (30-45 s por músculo)
4. Foam roller 5 min: cuádriceps · banda iliotibial · gemelos · glúteos
5. Proteína + carbohidrato dentro de los 45 min
6. ⚑ Saltártela es la razón #1 de que un martes duro arruine el miércoles.","FUERZA A — Máxima (45 min) · Comando Fuerza
• Sesión guiada en Comando Fuerza. Lo que hoy necesita el bloque es FUERZA MÁXIMA: carga alta, pocas repeticiones, descanso largo. Nada de circuitos con poco peso y muchas reps.
• Sentadilla trasera 4 x 5 @ 80-85% 1RM
• Peso muerto rumano 3 x 6 @ 75-80%
• Zancada con mancuernas 3 x 8 por pierna
• Elevación de gemelo a 1 pierna 3 x 12
• Plancha frontal 3 x 45 s · Dead bug 3 x 10 por lado
• → PLAN B sin gimnasio: la misma lista con mancuernas o peso corporal lastrado.
• → bici o caminar 5 min + estiramiento 5 min + proteína en 30 min","Rutina diaria (8 min): movilidad de tobillo 2' · 90/90 de cadera 2' · puente de glúteo x15 · plancha 45"" · respiración diafragmática 2'","Por RITMO, no por FC: la FC llega tarde a una rep de 3 minutos. Objetivo 3:15-3:20/km. Una sola sesión de VO2 cada 7-10 días: tu reserva de velocidad ya está desarrollada, lo que falta está debajo."
2026-11-27,Viernes,Semana 9 · Entra el VO2,Fase 3: Umbral + VO2 · pico de volumen,Regenerativo — día ajustable,7 km,≥5:08,Z1 regenerativo (≤140),"[C1]
1. Movilidad dinámica 5 min: círculos de cadera · balanceo frontal 10/lado · balanceo lateral 10/lado · círculos de tobillo · rotación de tronco
2. Caminar rápido 3 min
3. Arrancar 40 s/km más lento que el objetivo y subir progresivo. FC del primer km SIEMPRE ≤140
4. ⚑ En día fácil no hacen falta drills ni rectas. El trote es el calentamiento.","Regenerativo — día ajustable
Volumen: 7 km
Ritmo: ≥5:08
Zona: Z1 regenerativo (≤140)","[VC1]
1. Bajar el ritmo naturalmente los últimos 5 min
2. Caminar 3 min
3. Estiramiento suave 30 s c/u: isquios · cuádriceps · gemelo · sóleo · flexor de cadera · glúteo","Movilidad 15 min · opcional en Comando Fuerza
• Solo movilidad y estiramiento. Cero carga.
• Es el tercer día de Comando Fuerza si lo quieres usar, pero sin tocar peso: el viernes existe para que el sábado haya fondo.","Rutina diaria (8 min): movilidad de tobillo 2' · 90/90 de cadera 2' · puente de glúteo x15 · plancha 45"" · respiración diafragmática 2'","DÍA AJUSTABLE. Regenerativo de verdad: FC por debajo de 140, y si dudas si vas demasiado suave, vas bien. Se puede cambiar por 40 min de bici o elíptica sin impacto. Y es el único día del plan que se puede convertir en descanso total sin recuperarlo: si el jueves salió mal, si dormiste mal o si algo molesta, hoy no corres y no pasa nada."
2026-11-28,Sábado,Semana 9 · Entra el VO2,Fase 3: Umbral + VO2 · pico de volumen,FONDO + final progresivo,20 km,4:40-5:06 + últimos 6 km en 4:00-4:38,Z2 base aerobica (141-152) → Z3 (153-174),"[C3]
1. Movilidad dinámica 5 min con énfasis en cadera y tobillo
2. Los primeros 3 km del fondo en ≥5:08 — FC ≤140
3. ⚑ Esos 3 km CUENTAN dentro del volumen. Nunca salgas a ritmo de fondo desde el km 1.","FONDO + final progresivo
Volumen: 20 km
Ritmo: 4:40-5:06 + últimos 6 km en 4:00-4:38
Zona: Z2 base aerobica (141-152) → Z3 (153-174)","[VC3]
1. Último km trotando suave después del tramo progresivo
2. Caminar 5 min + hidratar con electrolitos
3. Estiramiento 6 min · piernas en alto contra la pared 5 min
4. Comida completa dentro de los 30-45 min. En fondos de 22+ km, 60-80 g de carbohidrato DURANTE.",,"Rutina diaria (8 min): movilidad de tobillo 2' · 90/90 de cadera 2' · puente de glúteo x15 · plancha 45"" · respiración diafragmática 2'","Los últimos 6 km entran en Z3 por FC, no por ritmo: el ritmo es la consecuencia."
2026-11-29,Domingo,Semana 9 · Entra el VO2,Fase 3: Umbral + VO2 · pico de volumen,CUESTAS largas,7 km total,6 x 60 s cuesta a esfuerzo de 5K,N neuromuscular (FC no aplica),"[C4]
1. Movilidad dinámica 5 min
2. Trote 15 min en Z1 (≤140) — llega a la cuesta caliente de verdad
3. Drills 4 min + 3 rectas progresivas en llano
4. 2 subidas de aproximación: una al 70% y otra al 85%
5. ⚑ CRÍTICO: nunca arranques a máximo en frío. El riesgo de isquios es real.","CUESTAS largas
Volumen: 7 km total
Ritmo: 6 x 60 s cuesta a esfuerzo de 5K
Zona: N neuromuscular (FC no aplica)
Descanso: Bajar trotando 2-3 min.","[VC4]
1. Trote suave 8-10 min
2. Estiramiento con énfasis en isquios y gemelos
3. ⚑ Los esfuerzos máximos cargan el tendón. No te lo saltes.","FUERZA B — Pliometría + Core (35 min) · Comando Fuerza
• Sesión guiada en Comando Fuerza. Hoy toca PLIOMETRÍA: salto y rebote, calidad de gesto. Si se degrada la técnica se corta la serie — no se completa por completarla.
• Salto al cajón 4 x 5 (40-50 cm)
• Salto con contramovimiento 3 x 6
• Bounding / multisaltos 4 x 20 m
• Peso muerto a 1 pierna 3 x 8 por pierna
• Puente de glúteo a 1 pierna 3 x 12 · Pallof press 3 x 10 por lado
• Plancha lateral 3 x 30 s por lado
• → PLAN B sin gimnasio: todo esto sale en un parque, sin material.
• → bici o caminar 5 min + estiramiento 5 min + proteína en 30 min","Rutina diaria (8 min): movilidad de tobillo 2' · 90/90 de cadera 2' · puente de glúteo x15 · plancha 45"" · respiración diafragmática 2'",Cuesta larga = fuerza específica sin impacto excéntrico. Bajar trotando suave.
2026-11-30,Lunes,Semana 10 · Carga alta,Fase 3: Umbral + VO2 · pico de volumen,Recuperación + doble,9 km,≥5:08,Z1 regenerativo (≤140),"[C1]
1. Movilidad dinámica 5 min: círculos de cadera · balanceo frontal 10/lado · balanceo lateral 10/lado · círculos de tobillo · rotación de tronco
2. Caminar rápido 3 min
3. Arrancar 40 s/km más lento que el objetivo y subir progresivo. FC del primer km SIEMPRE ≤140
4. ⚑ En día fácil no hacen falta drills ni rectas. El trote es el calentamiento.","Recuperación + doble
Volumen: 9 km
Ritmo: ≥5:08
Zona: Z1 regenerativo (≤140)","[VC1]
1. Bajar el ritmo naturalmente los últimos 5 min
2. Caminar 3 min
3. Estiramiento suave 30 s c/u: isquios · cuádriceps · gemelo · sóleo · flexor de cadera · glúteo","DOBLE — Trote regenerativo 5 km
• Ritmo ≥5:08, FC por debajo de 140
• Es volumen aeróbico barato: su único trabajo es sumar km sin fatiga.
• Si te cuesta arrancar, camina 5 min primero. Si sigue costando, sáltalo sin culpa.","Rutina diaria (8 min): movilidad de tobillo 2' · 90/90 de cadera 2' · puente de glúteo x15 · plancha 45"" · respiración diafragmática 2'",
2026-12-01,Martes,Semana 10 · Carga alta,Fase 3: Umbral + VO2 · pico de volumen,DOBLE UMBRAL — 1ª sesión (AM),14 km total,4 x 10 min a 3:48-3:59 · 4-6 palabras,Z4 sub-umbral (175-182),"[C2]
1. Movilidad dinámica 5 min
2. Trote progresivo 15-18 min terminando en 4:40-5:06. FC no debe pasar 152
3. Drills 5 min: skipping A 2x20 m · skipping B 2x20 m · talón-glúteo 2x20 m · carioca 2x20 m · taloneo rápido 2x20 m
4. 4 rectas progresivas de 80 m — la última al 95% del ritmo de la sesión. Vuelta caminando
5. Pausa 2-3 min: hidratar y respirar
6. ⚑ Si la primera repetición es la más rápida del día, calentaste mal o salió demasiado fuerte.","DOBLE UMBRAL — 1ª sesión (AM)
Volumen: 14 km total
Ritmo: 4 x 10 min a 3:48-3:59 · 4-6 palabras
Zona: Z4 sub-umbral (175-182)
Descanso: 2 min de trote.","[VC2]
1. Trote MUY suave 10-12 min — FC por debajo de 140
2. Caminar 3 min
3. Estiramiento estático 6 min (30-45 s por músculo)
4. Foam roller 5 min: cuádriceps · banda iliotibial · gemelos · glúteos
5. Proteína + carbohidrato dentro de los 45 min
6. ⚑ Saltártela es la razón #1 de que un martes duro arruine el miércoles.","2ª SESIÓN DE UMBRAL — 6 x 4 min a 3:39-3:47
• Volumen total 9 km con calentamiento y vuelta a la calma incluidos
• FC techo 189. Si la pasas, acortas la rep — no la aguantes.
• Control sin lactómetro: FC 183-189, 2-3 palabras seguidas como máximo. La FC debe estabilizarse en los primeros 90 s de cada rep y no subir más de 3 lpm entre la rep 2 y la última.
• ⚑ Esta sesión existe porque el estímulo de umbral se acumula mejor partido en dos que junto en una.","Rutina diaria (8 min): movilidad de tobillo 2' · 90/90 de cadera 2' · puente de glúteo x15 · plancha 45"" · respiración diafragmática 2'",40 min en Z4 en bloques de 10: el formato más parecido a lo que exige un 5K rápido.
2026-12-02,Miércoles,Semana 10 · Carga alta,Fase 3: Umbral + VO2 · pico de volumen,Rodaje base + 6 rectas,12 km,4:40-5:06,Z2 base aerobica (141-152),"[C1]
1. Movilidad dinámica 5 min: círculos de cadera · balanceo frontal 10/lado · balanceo lateral 10/lado · círculos de tobillo · rotación de tronco
2. Caminar rápido 3 min
3. Arrancar 40 s/km más lento que el objetivo y subir progresivo. FC del primer km SIEMPRE ≤140
4. ⚑ En día fácil no hacen falta drills ni rectas. El trote es el calentamiento.","Rodaje base + 6 rectas
Volumen: 12 km
Ritmo: 4:40-5:06
Zona: Z2 base aerobica (141-152)","[VC1]
1. Bajar el ritmo naturalmente los últimos 5 min
2. Caminar 3 min
3. Estiramiento suave 30 s c/u: isquios · cuádriceps · gemelo · sóleo · flexor de cadera · glúteo",,"Rutina diaria (8 min): movilidad de tobillo 2' · 90/90 de cadera 2' · puente de glúteo x15 · plancha 45"" · respiración diafragmática 2'","El grueso del volumen vive aquí. FC techo 152. Terminar con 6 rectas de 100 m en progresión, vuelta caminando."
2026-12-03,Jueves,Semana 10 · Carga alta,Fase 3: Umbral + VO2 · pico de volumen,VO2max,13 km total,6 x 1000 m a 3:15-3:20,Z6 vo2max (190-190),"[C2]
1. Movilidad dinámica 5 min
2. Trote progresivo 15-18 min terminando en 4:40-5:06. FC no debe pasar 152
3. Drills 5 min: skipping A 2x20 m · skipping B 2x20 m · talón-glúteo 2x20 m · carioca 2x20 m · taloneo rápido 2x20 m
4. 4 rectas progresivas de 80 m — la última al 95% del ritmo de la sesión. Vuelta caminando
5. Pausa 2-3 min: hidratar y respirar
6. ⚑ Si la primera repetición es la más rápida del día, calentaste mal o salió demasiado fuerte.","VO2max
Volumen: 13 km total
Ritmo: 6 x 1000 m a 3:15-3:20
Zona: Z6 vo2max (190-190)
Descanso: 2:30 de trote.","[VC2]
1. Trote MUY suave 10-12 min — FC por debajo de 140
2. Caminar 3 min
3. Estiramiento estático 6 min (30-45 s por músculo)
4. Foam roller 5 min: cuádriceps · banda iliotibial · gemelos · glúteos
5. Proteína + carbohidrato dentro de los 45 min
6. ⚑ Saltártela es la razón #1 de que un martes duro arruine el miércoles.","FUERZA A — Máxima (45 min) · Comando Fuerza
• Sesión guiada en Comando Fuerza. Lo que hoy necesita el bloque es FUERZA MÁXIMA: carga alta, pocas repeticiones, descanso largo. Nada de circuitos con poco peso y muchas reps.
• Sentadilla trasera 4 x 5 @ 80-85% 1RM
• Peso muerto rumano 3 x 6 @ 75-80%
• Zancada con mancuernas 3 x 8 por pierna
• Elevación de gemelo a 1 pierna 3 x 12
• Plancha frontal 3 x 45 s · Dead bug 3 x 10 por lado
• → PLAN B sin gimnasio: la misma lista con mancuernas o peso corporal lastrado.
• → bici o caminar 5 min + estiramiento 5 min + proteína en 30 min","Rutina diaria (8 min): movilidad de tobillo 2' · 90/90 de cadera 2' · puente de glúteo x15 · plancha 45"" · respiración diafragmática 2'","Seis reps. Si la última no puede ser la más rápida, se corta en cinco y no pasa nada."
2026-12-04,Viernes,Semana 10 · Carga alta,Fase 3: Umbral + VO2 · pico de volumen,Recuperación,4 km,≥5:08,Z1 regenerativo (≤140),"[C1]
1. Movilidad dinámica 5 min: círculos de cadera · balanceo frontal 10/lado · balanceo lateral 10/lado · círculos de tobillo · rotación de tronco
2. Caminar rápido 3 min
3. Arrancar 40 s/km más lento que el objetivo y subir progresivo. FC del primer km SIEMPRE ≤140
4. ⚑ En día fácil no hacen falta drills ni rectas. El trote es el calentamiento.","Recuperación
Volumen: 4 km
Ritmo: ≥5:08
Zona: Z1 regenerativo (≤140)","[VC1]
1. Bajar el ritmo naturalmente los últimos 5 min
2. Caminar 3 min
3. Estiramiento suave 30 s c/u: isquios · cuádriceps · gemelo · sóleo · flexor de cadera · glúteo",,"Rutina diaria (8 min): movilidad de tobillo 2' · 90/90 de cadera 2' · puente de glúteo x15 · plancha 45"" · respiración diafragmática 2'",Doble regenerativo corto para sumar volumen sin coste.
2026-12-05,Sábado,Semana 10 · Carga alta,Fase 3: Umbral + VO2 · pico de volumen,FONDO + final progresivo,20 km,4:40-5:06 + últimos 6 km en 4:00-4:38,Z2 base aerobica (141-152) → Z3 (153-174),"[C3]
1. Movilidad dinámica 5 min con énfasis en cadera y tobillo
2. Los primeros 3 km del fondo en ≥5:08 — FC ≤140
3. ⚑ Esos 3 km CUENTAN dentro del volumen. Nunca salgas a ritmo de fondo desde el km 1.","FONDO + final progresivo
Volumen: 20 km
Ritmo: 4:40-5:06 + últimos 6 km en 4:00-4:38
Zona: Z2 base aerobica (141-152) → Z3 (153-174)","[VC3]
1. Último km trotando suave después del tramo progresivo
2. Caminar 5 min + hidratar con electrolitos
3. Estiramiento 6 min · piernas en alto contra la pared 5 min
4. Comida completa dentro de los 30-45 min. En fondos de 22+ km, 60-80 g de carbohidrato DURANTE.",,"Rutina diaria (8 min): movilidad de tobillo 2' · 90/90 de cadera 2' · puente de glúteo x15 · plancha 45"" · respiración diafragmática 2'","Los últimos 6 km entran en Z3 por FC, no por ritmo: el ritmo es la consecuencia."
2026-12-06,Domingo,Semana 10 · Carga alta,Fase 3: Umbral + VO2 · pico de volumen,CUESTAS cortas,7 km total,10 x 20 s,N neuromuscular (FC no aplica),"[C4]
1. Movilidad dinámica 5 min
2. Trote 15 min en Z1 (≤140) — llega a la cuesta caliente de verdad
3. Drills 4 min + 3 rectas progresivas en llano
4. 2 subidas de aproximación: una al 70% y otra al 85%
5. ⚑ CRÍTICO: nunca arranques a máximo en frío. El riesgo de isquios es real.","CUESTAS cortas
Volumen: 7 km total
Ritmo: 10 x 20 s
Zona: N neuromuscular (FC no aplica)
Descanso: Bajar caminando.","[VC4]
1. Trote suave 8-10 min
2. Estiramiento con énfasis en isquios y gemelos
3. ⚑ Los esfuerzos máximos cargan el tendón. No te lo saltes.","FUERZA B — Pliometría + Core (35 min) · Comando Fuerza
• Sesión guiada en Comando Fuerza. Hoy toca PLIOMETRÍA: salto y rebote, calidad de gesto. Si se degrada la técnica se corta la serie — no se completa por completarla.
• Salto al cajón 4 x 5 (40-50 cm)
• Salto con contramovimiento 3 x 6
• Bounding / multisaltos 4 x 20 m
• Peso muerto a 1 pierna 3 x 8 por pierna
• Puente de glúteo a 1 pierna 3 x 12 · Pallof press 3 x 10 por lado
• Plancha lateral 3 x 30 s por lado
• → PLAN B sin gimnasio: todo esto sale en un parque, sin material.
• → bici o caminar 5 min + estiramiento 5 min + proteína en 30 min","Rutina diaria (8 min): movilidad de tobillo 2' · 90/90 de cadera 2' · puente de glúteo x15 · plancha 45"" · respiración diafragmática 2'",Mantenimiento neuromuscular.
2026-12-07,Lunes,Semana 11 · PICO DE VOLUMEN (95 km),Fase 3: Umbral + VO2 · pico de volumen,Recuperación + doble,10 km,≥5:08,Z1 regenerativo (≤140),"[C1]
1. Movilidad dinámica 5 min: círculos de cadera · balanceo frontal 10/lado · balanceo lateral 10/lado · círculos de tobillo · rotación de tronco
2. Caminar rápido 3 min
3. Arrancar 40 s/km más lento que el objetivo y subir progresivo. FC del primer km SIEMPRE ≤140
4. ⚑ En día fácil no hacen falta drills ni rectas. El trote es el calentamiento.","Recuperación + doble
Volumen: 10 km
Ritmo: ≥5:08
Zona: Z1 regenerativo (≤140)","[VC1]
1. Bajar el ritmo naturalmente los últimos 5 min
2. Caminar 3 min
3. Estiramiento suave 30 s c/u: isquios · cuádriceps · gemelo · sóleo · flexor de cadera · glúteo","DOBLE — Trote regenerativo 5 km
• Ritmo ≥5:08, FC por debajo de 140
• Es volumen aeróbico barato: su único trabajo es sumar km sin fatiga.
• Si te cuesta arrancar, camina 5 min primero. Si sigue costando, sáltalo sin culpa.","Rutina diaria (8 min): movilidad de tobillo 2' · 90/90 de cadera 2' · puente de glúteo x15 · plancha 45"" · respiración diafragmática 2'","Semana más grande del bloque: el doble del doble de km que hacías en septiembre. Si algo duele hoy, se recorta hoy, no el jueves."
2026-12-08,Martes,Semana 11 · PICO DE VOLUMEN (95 km),Fase 3: Umbral + VO2 · pico de volumen,DOBLE UMBRAL — 1ª sesión (AM),14 km total,7 x 8 min a 3:48-3:59 · 4-6 palabras,Z4 sub-umbral (175-182),"[C2]
1. Movilidad dinámica 5 min
2. Trote progresivo 15-18 min terminando en 4:40-5:06. FC no debe pasar 152
3. Drills 5 min: skipping A 2x20 m · skipping B 2x20 m · talón-glúteo 2x20 m · carioca 2x20 m · taloneo rápido 2x20 m
4. 4 rectas progresivas de 80 m — la última al 95% del ritmo de la sesión. Vuelta caminando
5. Pausa 2-3 min: hidratar y respirar
6. ⚑ Si la primera repetición es la más rápida del día, calentaste mal o salió demasiado fuerte.","DOBLE UMBRAL — 1ª sesión (AM)
Volumen: 14 km total
Ritmo: 7 x 8 min a 3:48-3:59 · 4-6 palabras
Zona: Z4 sub-umbral (175-182)
Descanso: 90 s de trote.","[VC2]
1. Trote MUY suave 10-12 min — FC por debajo de 140
2. Caminar 3 min
3. Estiramiento estático 6 min (30-45 s por músculo)
4. Foam roller 5 min: cuádriceps · banda iliotibial · gemelos · glúteos
5. Proteína + carbohidrato dentro de los 45 min
6. ⚑ Saltártela es la razón #1 de que un martes duro arruine el miércoles.","2ª SESIÓN DE UMBRAL — 5 x 5 min a 3:39-3:47
• Volumen total 9 km con calentamiento y vuelta a la calma incluidos
• FC techo 189. Si la pasas, acortas la rep — no la aguantes.
• Control sin lactómetro: FC 183-189, 2-3 palabras seguidas como máximo. La FC debe estabilizarse en los primeros 90 s de cada rep y no subir más de 3 lpm entre la rep 2 y la última.
• ⚑ Esta sesión existe porque el estímulo de umbral se acumula mejor partido en dos que junto en una.","Rutina diaria (8 min): movilidad de tobillo 2' · 90/90 de cadera 2' · puente de glúteo x15 · plancha 45"" · respiración diafragmática 2'",56 min en Z4: la sesión de umbral más grande de todo el proyecto.
2026-12-09,Miércoles,Semana 11 · PICO DE VOLUMEN (95 km),Fase 3: Umbral + VO2 · pico de volumen,Rodaje base + 6 rectas,12 km,4:40-5:06,Z2 base aerobica (141-152),"[C1]
1. Movilidad dinámica 5 min: círculos de cadera · balanceo frontal 10/lado · balanceo lateral 10/lado · círculos de tobillo · rotación de tronco
2. Caminar rápido 3 min
3. Arrancar 40 s/km más lento que el objetivo y subir progresivo. FC del primer km SIEMPRE ≤140
4. ⚑ En día fácil no hacen falta drills ni rectas. El trote es el calentamiento.","Rodaje base + 6 rectas
Volumen: 12 km
Ritmo: 4:40-5:06
Zona: Z2 base aerobica (141-152)","[VC1]
1. Bajar el ritmo naturalmente los últimos 5 min
2. Caminar 3 min
3. Estiramiento suave 30 s c/u: isquios · cuádriceps · gemelo · sóleo · flexor de cadera · glúteo",,"Rutina diaria (8 min): movilidad de tobillo 2' · 90/90 de cadera 2' · puente de glúteo x15 · plancha 45"" · respiración diafragmática 2'","El grueso del volumen vive aquí. FC techo 152. Terminar con 6 rectas de 100 m en progresión, vuelta caminando."
2026-12-10,Jueves,Semana 11 · PICO DE VOLUMEN (95 km),Fase 3: Umbral + VO2 · pico de volumen,VO2max — reps largas,13 km total,4 x 1200 m a 3:17-3:21,Z6 vo2max (190-190),"[C2]
1. Movilidad dinámica 5 min
2. Trote progresivo 15-18 min terminando en 4:40-5:06. FC no debe pasar 152
3. Drills 5 min: skipping A 2x20 m · skipping B 2x20 m · talón-glúteo 2x20 m · carioca 2x20 m · taloneo rápido 2x20 m
4. 4 rectas progresivas de 80 m — la última al 95% del ritmo de la sesión. Vuelta caminando
5. Pausa 2-3 min: hidratar y respirar
6. ⚑ Si la primera repetición es la más rápida del día, calentaste mal o salió demasiado fuerte.","VO2max — reps largas
Volumen: 13 km total
Ritmo: 4 x 1200 m a 3:17-3:21
Zona: Z6 vo2max (190-190)
Descanso: 3 min de trote.","[VC2]
1. Trote MUY suave 10-12 min — FC por debajo de 140
2. Caminar 3 min
3. Estiramiento estático 6 min (30-45 s por músculo)
4. Foam roller 5 min: cuádriceps · banda iliotibial · gemelos · glúteos
5. Proteína + carbohidrato dentro de los 45 min
6. ⚑ Saltártela es la razón #1 de que un martes duro arruine el miércoles.","FUERZA A — Máxima (45 min) · Comando Fuerza
• Sesión guiada en Comando Fuerza. Lo que hoy necesita el bloque es FUERZA MÁXIMA: carga alta, pocas repeticiones, descanso largo. Nada de circuitos con poco peso y muchas reps.
• Sentadilla trasera 4 x 5 @ 80-85% 1RM
• Peso muerto rumano 3 x 6 @ 75-80%
• Zancada con mancuernas 3 x 8 por pierna
• Elevación de gemelo a 1 pierna 3 x 12
• Plancha frontal 3 x 45 s · Dead bug 3 x 10 por lado
• → PLAN B sin gimnasio: la misma lista con mancuernas o peso corporal lastrado.
• → bici o caminar 5 min + estiramiento 5 min + proteína en 30 min","Rutina diaria (8 min): movilidad de tobillo 2' · 90/90 de cadera 2' · puente de glúteo x15 · plancha 45"" · respiración diafragmática 2'",1200 m es la distancia de VO2 que más transfiere al 5K.
2026-12-11,Viernes,Semana 11 · PICO DE VOLUMEN (95 km),Fase 3: Umbral + VO2 · pico de volumen,Recuperación,5 km,≥5:08,Z1 regenerativo (≤140),"[C1]
1. Movilidad dinámica 5 min: círculos de cadera · balanceo frontal 10/lado · balanceo lateral 10/lado · círculos de tobillo · rotación de tronco
2. Caminar rápido 3 min
3. Arrancar 40 s/km más lento que el objetivo y subir progresivo. FC del primer km SIEMPRE ≤140
4. ⚑ En día fácil no hacen falta drills ni rectas. El trote es el calentamiento.","Recuperación
Volumen: 5 km
Ritmo: ≥5:08
Zona: Z1 regenerativo (≤140)","[VC1]
1. Bajar el ritmo naturalmente los últimos 5 min
2. Caminar 3 min
3. Estiramiento suave 30 s c/u: isquios · cuádriceps · gemelo · sóleo · flexor de cadera · glúteo",,"Rutina diaria (8 min): movilidad de tobillo 2' · 90/90 de cadera 2' · puente de glúteo x15 · plancha 45"" · respiración diafragmática 2'","Regenerativo estricto. FC techo 140: si la pasas, caminas. Nada de 'me sentí bien'."
2026-12-12,Sábado,Semana 11 · PICO DE VOLUMEN (95 km),Fase 3: Umbral + VO2 · pico de volumen,FONDO + final progresivo,20 km,4:40-5:06 + últimos 6 km en 4:00-4:38,Z2 base aerobica (141-152) → Z3 (153-174),"[C3]
1. Movilidad dinámica 5 min con énfasis en cadera y tobillo
2. Los primeros 3 km del fondo en ≥5:08 — FC ≤140
3. ⚑ Esos 3 km CUENTAN dentro del volumen. Nunca salgas a ritmo de fondo desde el km 1.","FONDO + final progresivo
Volumen: 20 km
Ritmo: 4:40-5:06 + últimos 6 km en 4:00-4:38
Zona: Z2 base aerobica (141-152) → Z3 (153-174)","[VC3]
1. Último km trotando suave después del tramo progresivo
2. Caminar 5 min + hidratar con electrolitos
3. Estiramiento 6 min · piernas en alto contra la pared 5 min
4. Comida completa dentro de los 30-45 min. En fondos de 22+ km, 60-80 g de carbohidrato DURANTE.",,"Rutina diaria (8 min): movilidad de tobillo 2' · 90/90 de cadera 2' · puente de glúteo x15 · plancha 45"" · respiración diafragmática 2'",Fondo más largo del bloque con final progresivo. Come 60-80 g de carbohidrato durante.
2026-12-13,Domingo,Semana 11 · PICO DE VOLUMEN (95 km),Fase 3: Umbral + VO2 · pico de volumen,CUESTAS cortas,7 km total,8 x 20 s,N neuromuscular (FC no aplica),"[C4]
1. Movilidad dinámica 5 min
2. Trote 15 min en Z1 (≤140) — llega a la cuesta caliente de verdad
3. Drills 4 min + 3 rectas progresivas en llano
4. 2 subidas de aproximación: una al 70% y otra al 85%
5. ⚑ CRÍTICO: nunca arranques a máximo en frío. El riesgo de isquios es real.","CUESTAS cortas
Volumen: 7 km total
Ritmo: 8 x 20 s
Zona: N neuromuscular (FC no aplica)
Descanso: Bajar caminando.","[VC4]
1. Trote suave 8-10 min
2. Estiramiento con énfasis en isquios y gemelos
3. ⚑ Los esfuerzos máximos cargan el tendón. No te lo saltes.","FUERZA B — Pliometría + Core (35 min) · Comando Fuerza
• Sesión guiada en Comando Fuerza. Hoy toca PLIOMETRÍA: salto y rebote, calidad de gesto. Si se degrada la técnica se corta la serie — no se completa por completarla.
• Salto al cajón 4 x 5 (40-50 cm)
• Salto con contramovimiento 3 x 6
• Bounding / multisaltos 4 x 20 m
• Peso muerto a 1 pierna 3 x 8 por pierna
• Puente de glúteo a 1 pierna 3 x 12 · Pallof press 3 x 10 por lado
• Plancha lateral 3 x 30 s por lado
• → PLAN B sin gimnasio: todo esto sale en un parque, sin material.
• → bici o caminar 5 min + estiramiento 5 min + proteína en 30 min","Rutina diaria (8 min): movilidad de tobillo 2' · 90/90 de cadera 2' · puente de glúteo x15 · plancha 45"" · respiración diafragmática 2'",Muy suave. Mañana empieza la descarga más importante del bloque.
2026-12-14,Lunes,Semana 12 · DESCARGA profunda + marcador,Fase 3: Umbral + VO2 · pico de volumen,Recuperación + doble,5 km,≥5:08,Z1 regenerativo (≤140),"[C1]
1. Movilidad dinámica 5 min: círculos de cadera · balanceo frontal 10/lado · balanceo lateral 10/lado · círculos de tobillo · rotación de tronco
2. Caminar rápido 3 min
3. Arrancar 40 s/km más lento que el objetivo y subir progresivo. FC del primer km SIEMPRE ≤140
4. ⚑ En día fácil no hacen falta drills ni rectas. El trote es el calentamiento.","Recuperación + doble
Volumen: 5 km
Ritmo: ≥5:08
Zona: Z1 regenerativo (≤140)","[VC1]
1. Bajar el ritmo naturalmente los últimos 5 min
2. Caminar 3 min
3. Estiramiento suave 30 s c/u: isquios · cuádriceps · gemelo · sóleo · flexor de cadera · glúteo","DOBLE — Trote regenerativo 5 km
• Ritmo ≥5:08, FC por debajo de 140
• Es volumen aeróbico barato: su único trabajo es sumar km sin fatiga.
• Si te cuesta arrancar, camina 5 min primero. Si sigue costando, sáltalo sin culpa.","Rutina diaria (8 min): movilidad de tobillo 2' · 90/90 de cadera 2' · puente de glúteo x15 · plancha 45"" · respiración diafragmática 2'","Volumen -23%. Después de tres semanas de carga, esta descarga es donde aparece la forma."
2026-12-15,Martes,Semana 12 · DESCARGA profunda + marcador,Fase 3: Umbral + VO2 · pico de volumen,SUB-UMBRAL corto,12 km total,5 x 6 min a 3:48-3:59,Z4 sub-umbral (175-182),"[C2]
1. Movilidad dinámica 5 min
2. Trote progresivo 15-18 min terminando en 4:40-5:06. FC no debe pasar 152
3. Drills 5 min: skipping A 2x20 m · skipping B 2x20 m · talón-glúteo 2x20 m · carioca 2x20 m · taloneo rápido 2x20 m
4. 4 rectas progresivas de 80 m — la última al 95% del ritmo de la sesión. Vuelta caminando
5. Pausa 2-3 min: hidratar y respirar
6. ⚑ Si la primera repetición es la más rápida del día, calentaste mal o salió demasiado fuerte.","SUB-UMBRAL corto
Volumen: 12 km total
Ritmo: 5 x 6 min a 3:48-3:59
Zona: Z4 sub-umbral (175-182)
Descanso: 1 min de trote.","[VC2]
1. Trote MUY suave 10-12 min — FC por debajo de 140
2. Caminar 3 min
3. Estiramiento estático 6 min (30-45 s por músculo)
4. Foam roller 5 min: cuádriceps · banda iliotibial · gemelos · glúteos
5. Proteína + carbohidrato dentro de los 45 min
6. ⚑ Saltártela es la razón #1 de que un martes duro arruine el miércoles.","FUERZA A — Máxima (45 min) · Comando Fuerza
• Sesión guiada en Comando Fuerza. Lo que hoy necesita el bloque es FUERZA MÁXIMA: carga alta, pocas repeticiones, descanso largo. Nada de circuitos con poco peso y muchas reps.
• Sentadilla trasera 4 x 5 @ 80-85% 1RM
• Peso muerto rumano 3 x 6 @ 75-80%
• Zancada con mancuernas 3 x 8 por pierna
• Elevación de gemelo a 1 pierna 3 x 12
• Plancha frontal 3 x 45 s · Dead bug 3 x 10 por lado
• → PLAN B sin gimnasio: la misma lista con mancuernas o peso corporal lastrado.
• → bici o caminar 5 min + estiramiento 5 min + proteína en 30 min","Rutina diaria (8 min): movilidad de tobillo 2' · 90/90 de cadera 2' · puente de glúteo x15 · plancha 45"" · respiración diafragmática 2'","Mantener, no cargar. El jueves hay test."
2026-12-16,Miércoles,Semana 12 · DESCARGA profunda + marcador,Fase 3: Umbral + VO2 · pico de volumen,Rodaje base + 6 rectas,12 km,4:40-5:06,Z2 base aerobica (141-152),"[C1]
1. Movilidad dinámica 5 min: círculos de cadera · balanceo frontal 10/lado · balanceo lateral 10/lado · círculos de tobillo · rotación de tronco
2. Caminar rápido 3 min
3. Arrancar 40 s/km más lento que el objetivo y subir progresivo. FC del primer km SIEMPRE ≤140
4. ⚑ En día fácil no hacen falta drills ni rectas. El trote es el calentamiento.","Rodaje base + 6 rectas
Volumen: 12 km
Ritmo: 4:40-5:06
Zona: Z2 base aerobica (141-152)","[VC1]
1. Bajar el ritmo naturalmente los últimos 5 min
2. Caminar 3 min
3. Estiramiento suave 30 s c/u: isquios · cuádriceps · gemelo · sóleo · flexor de cadera · glúteo",,"Rutina diaria (8 min): movilidad de tobillo 2' · 90/90 de cadera 2' · puente de glúteo x15 · plancha 45"" · respiración diafragmática 2'","El grueso del volumen vive aquí. FC techo 152. Terminar con 6 rectas de 100 m en progresión, vuelta caminando."
2026-12-17,Jueves,Semana 12 · DESCARGA profunda + marcador,Fase 3: Umbral + VO2 · pico de volumen,TEST D — 3000 m contrarreloj,11 km total,"A tope, parciales cada 400 m",máxima,"[C2]
1. Movilidad dinámica 5 min
2. Trote progresivo 15-18 min terminando en 4:40-5:06. FC no debe pasar 152
3. Drills 5 min: skipping A 2x20 m · skipping B 2x20 m · talón-glúteo 2x20 m · carioca 2x20 m · taloneo rápido 2x20 m
4. 4 rectas progresivas de 80 m — la última al 95% del ritmo de la sesión. Vuelta caminando
5. Pausa 2-3 min: hidratar y respirar
6. ⚑ Si la primera repetición es la más rápida del día, calentaste mal o salió demasiado fuerte.","TEST D — 3000 m contrarreloj
Volumen: 11 km total
Ritmo: A tope, parciales cada 400 m
Zona: máxima
· 3000 m a tope en pista. Parciales cada 400 m.
· Salir al ritmo que creas sostenible, no al que quieras: los primeros 400 m deciden el test.
· Anotar tiempo total, parciales, FC media, FC máxima y cadencia.
· Predicción de 5K a la misma altitud: T5K ≈ T3000 × 1.75.
· Es el marcador honesto del bloque: un test a tope no se puede sobre-ejecutar.","[VC2]
1. Trote MUY suave 10-12 min — FC por debajo de 140
2. Caminar 3 min
3. Estiramiento estático 6 min (30-45 s por músculo)
4. Foam roller 5 min: cuádriceps · banda iliotibial · gemelos · glúteos
5. Proteína + carbohidrato dentro de los 45 min
6. ⚑ Saltártela es la razón #1 de que un martes duro arruine el miércoles.",,"Rutina diaria (8 min): movilidad de tobillo 2' · 90/90 de cadera 2' · puente de glúteo x15 · plancha 45"" · respiración diafragmática 2'",Marcador de mitad de proyecto. Referencia: 10:10 = 17:47 de 5K · 9:50 = 17:12 · 9:39 = 16:53 (≡ sub-16 a nivel del mar) · 9:08 = 16:00 en CDMX.
2026-12-18,Viernes,Semana 12 · DESCARGA profunda + marcador,Fase 3: Umbral + VO2 · pico de volumen,Regenerativo — día ajustable,6 km,≥5:08,Z1 regenerativo (≤140),"[C1]
1. Movilidad dinámica 5 min: círculos de cadera · balanceo frontal 10/lado · balanceo lateral 10/lado · círculos de tobillo · rotación de tronco
2. Caminar rápido 3 min
3. Arrancar 40 s/km más lento que el objetivo y subir progresivo. FC del primer km SIEMPRE ≤140
4. ⚑ En día fácil no hacen falta drills ni rectas. El trote es el calentamiento.","Regenerativo — día ajustable
Volumen: 6 km
Ritmo: ≥5:08
Zona: Z1 regenerativo (≤140)","[VC1]
1. Bajar el ritmo naturalmente los últimos 5 min
2. Caminar 3 min
3. Estiramiento suave 30 s c/u: isquios · cuádriceps · gemelo · sóleo · flexor de cadera · glúteo","Movilidad 15 min · opcional en Comando Fuerza
• Solo movilidad y estiramiento. Cero carga.
• Es el tercer día de Comando Fuerza si lo quieres usar, pero sin tocar peso: el viernes existe para que el sábado haya fondo.","Rutina diaria (8 min): movilidad de tobillo 2' · 90/90 de cadera 2' · puente de glúteo x15 · plancha 45"" · respiración diafragmática 2'","DÍA AJUSTABLE. Regenerativo de verdad: FC por debajo de 140, y si dudas si vas demasiado suave, vas bien. Se puede cambiar por 40 min de bici o elíptica sin impacto. Y es el único día del plan que se puede convertir en descanso total sin recuperarlo: si el jueves salió mal, si dormiste mal o si algo molesta, hoy no corres y no pasa nada."
2026-12-19,Sábado,Semana 12 · DESCARGA profunda + marcador,Fase 3: Umbral + VO2 · pico de volumen,FONDO,18 km,4:40-5:06,Z2 base aerobica (141-152),"[C3]
1. Movilidad dinámica 5 min con énfasis en cadera y tobillo
2. Los primeros 3 km del fondo en ≥5:08 — FC ≤140
3. ⚑ Esos 3 km CUENTAN dentro del volumen. Nunca salgas a ritmo de fondo desde el km 1.","FONDO
Volumen: 18 km
Ritmo: 4:40-5:06
Zona: Z2 base aerobica (141-152)","[VC3]
1. Último km trotando suave después del tramo progresivo
2. Caminar 5 min + hidratar con electrolitos
3. Estiramiento 6 min · piernas en alto contra la pared 5 min
4. Comida completa dentro de los 30-45 min. En fondos de 22+ km, 60-80 g de carbohidrato DURANTE.",,"Rutina diaria (8 min): movilidad de tobillo 2' · 90/90 de cadera 2' · puente de glúteo x15 · plancha 45"" · respiración diafragmática 2'","Fondo plano, sin final rápido. Su trabajo es el tiempo en pie, no la intensidad."
2026-12-20,Domingo,Semana 12 · DESCARGA profunda + marcador,Fase 3: Umbral + VO2 · pico de volumen,Recuperación,5 km,≥5:08,Z1 regenerativo (≤140),"[C1]
1. Movilidad dinámica 5 min: círculos de cadera · balanceo frontal 10/lado · balanceo lateral 10/lado · círculos de tobillo · rotación de tronco
2. Caminar rápido 3 min
3. Arrancar 40 s/km más lento que el objetivo y subir progresivo. FC del primer km SIEMPRE ≤140
4. ⚑ En día fácil no hacen falta drills ni rectas. El trote es el calentamiento.","Recuperación
Volumen: 5 km
Ritmo: ≥5:08
Zona: Z1 regenerativo (≤140)","[VC1]
1. Bajar el ritmo naturalmente los últimos 5 min
2. Caminar 3 min
3. Estiramiento suave 30 s c/u: isquios · cuádriceps · gemelo · sóleo · flexor de cadera · glúteo",,"Rutina diaria (8 min): movilidad de tobillo 2' · 90/90 de cadera 2' · puente de glúteo x15 · plancha 45"" · respiración diafragmática 2'","Regenerativo estricto. FC techo 140: si la pasas, caminas. Nada de 'me sentí bien'."
2026-12-21,Lunes,Semana 13 · Empieza lo específico,Fase 4: Específico 5K,Recuperación + doble,9 km,≥5:08,Z1 regenerativo (≤140),"[C1]
1. Movilidad dinámica 5 min: círculos de cadera · balanceo frontal 10/lado · balanceo lateral 10/lado · círculos de tobillo · rotación de tronco
2. Caminar rápido 3 min
3. Arrancar 40 s/km más lento que el objetivo y subir progresivo. FC del primer km SIEMPRE ≤140
4. ⚑ En día fácil no hacen falta drills ni rectas. El trote es el calentamiento.","Recuperación + doble
Volumen: 9 km
Ritmo: ≥5:08
Zona: Z1 regenerativo (≤140)","[VC1]
1. Bajar el ritmo naturalmente los últimos 5 min
2. Caminar 3 min
3. Estiramiento suave 30 s c/u: isquios · cuádriceps · gemelo · sóleo · flexor de cadera · glúteo","DOBLE — Trote regenerativo 5 km
• Ritmo ≥5:08, FC por debajo de 140
• Es volumen aeróbico barato: su único trabajo es sumar km sin fatiga.
• Si te cuesta arrancar, camina 5 min primero. Si sigue costando, sáltalo sin culpa.","Rutina diaria (8 min): movilidad de tobillo 2' · 90/90 de cadera 2' · puente de glúteo x15 · plancha 45"" · respiración diafragmática 2'",
2026-12-22,Martes,Semana 13 · Empieza lo específico,Fase 4: Específico 5K,TEST A — Retest de 30 min (zonas finales),13 km total,Máximo esfuerzo sostenible 30 min,zonas de la fase específica,"[C5]
1. Movilidad dinámica 6 min
2. Trote 18 min: 12 min Z1 + 6 min subiendo a Z2
3. Drills 5 min + 5 rectas de 80 m, la última a ritmo objetivo
4. Sentarse 3 min. Banda de pecho colocada y señal comprobada ANTES de arrancar
5. ⚑ Protocolo idéntico cada vez que repitas el test: misma pista, misma hora, mismo desayuno.","TEST A — Retest de 30 min (zonas finales)
Volumen: 13 km total
Ritmo: Máximo esfuerzo sostenible 30 min
Zona: zonas de la fase específica
· 30 minutos al máximo esfuerzo SOSTENIBLE. No es un 10K ni un 5K: es lo máximo que aguantas 30 min exactos.
· Auto-lap cada 5 min, para poder aislar después los últimos 20.
· Los primeros 10 min NO pueden ser los más rápidos. Sal a un ritmo que creas sostenible; aprieta solo en los últimos 5.
· Banda de pecho, no muñeca: en 30 min a tope el sensor óptico se descuelga.
· LT2 (= LTHR) = FC MEDIA DE LOS ÚLTIMOS 20 MINUTOS. No la de los 30: los primeros 10 la ensucian mientras la FC sube.
· Ritmo de umbral = el ritmo medio de esos mismos 20 min. Debe coincidir con lo que la regresión predice para esa FC.
· Un 10K de competencia sirve igual: su FC media es LTHR ±2 lpm. Si corres uno, úsalo y ahórrate el test.
· Cargar: python3 zonas.py --lt2 <FC> --fecha <hoy> --metodo 'CR 30 min'   y luego gen_plan_v4.py","[VC2]
1. Trote MUY suave 10-12 min — FC por debajo de 140
2. Caminar 3 min
3. Estiramiento estático 6 min (30-45 s por músculo)
4. Foam roller 5 min: cuádriceps · banda iliotibial · gemelos · glúteos
5. Proteína + carbohidrato dentro de los 45 min
6. ⚑ Saltártela es la razón #1 de que un martes duro arruine el miércoles.",,"Rutina diaria (8 min): movilidad de tobillo 2' · 90/90 de cadera 2' · puente de glúteo x15 · plancha 45"" · respiración diafragmática 2'",Último retest del proyecto. Estas zonas gobiernan las 5 semanas que deciden la carrera.
2026-12-23,Miércoles,Semana 13 · Empieza lo específico,Fase 4: Específico 5K,Rodaje base + 6 rectas,12 km,4:40-5:06,Z2 base aerobica (141-152),"[C1]
1. Movilidad dinámica 5 min: círculos de cadera · balanceo frontal 10/lado · balanceo lateral 10/lado · círculos de tobillo · rotación de tronco
2. Caminar rápido 3 min
3. Arrancar 40 s/km más lento que el objetivo y subir progresivo. FC del primer km SIEMPRE ≤140
4. ⚑ En día fácil no hacen falta drills ni rectas. El trote es el calentamiento.","Rodaje base + 6 rectas
Volumen: 12 km
Ritmo: 4:40-5:06
Zona: Z2 base aerobica (141-152)","[VC1]
1. Bajar el ritmo naturalmente los últimos 5 min
2. Caminar 3 min
3. Estiramiento suave 30 s c/u: isquios · cuádriceps · gemelo · sóleo · flexor de cadera · glúteo",,"Rutina diaria (8 min): movilidad de tobillo 2' · 90/90 de cadera 2' · puente de glúteo x15 · plancha 45"" · respiración diafragmática 2'","El grueso del volumen vive aquí. FC techo 152. Terminar con 6 rectas de 100 m en progresión, vuelta caminando."
2026-12-24,Jueves,Semana 13 · Empieza lo específico,Fase 4: Específico 5K,ESPECÍFICO 5K,14 km total,6 x 1000 m a 3:23 (ritmo objetivo CDMX),Z6 vo2max (190-190),"[C2]
1. Movilidad dinámica 5 min
2. Trote progresivo 15-18 min terminando en 4:40-5:06. FC no debe pasar 152
3. Drills 5 min: skipping A 2x20 m · skipping B 2x20 m · talón-glúteo 2x20 m · carioca 2x20 m · taloneo rápido 2x20 m
4. 4 rectas progresivas de 80 m — la última al 95% del ritmo de la sesión. Vuelta caminando
5. Pausa 2-3 min: hidratar y respirar
6. ⚑ Si la primera repetición es la más rápida del día, calentaste mal o salió demasiado fuerte.","ESPECÍFICO 5K
Volumen: 14 km total
Ritmo: 6 x 1000 m a 3:23 (ritmo objetivo CDMX)
Zona: Z6 vo2max (190-190)
Descanso: 2 min de trote.","[VC2]
1. Trote MUY suave 10-12 min — FC por debajo de 140
2. Caminar 3 min
3. Estiramiento estático 6 min (30-45 s por músculo)
4. Foam roller 5 min: cuádriceps · banda iliotibial · gemelos · glúteos
5. Proteína + carbohidrato dentro de los 45 min
6. ⚑ Saltártela es la razón #1 de que un martes duro arruine el miércoles.","FUERZA A — Máxima (45 min) · Comando Fuerza
• Sesión guiada en Comando Fuerza. Lo que hoy necesita el bloque es FUERZA MÁXIMA: carga alta, pocas repeticiones, descanso largo. Nada de circuitos con poco peso y muchas reps.
• Sentadilla trasera 4 x 5 @ 80-85% 1RM
• Peso muerto rumano 3 x 6 @ 75-80%
• Zancada con mancuernas 3 x 8 por pierna
• Elevación de gemelo a 1 pierna 3 x 12
• Plancha frontal 3 x 45 s · Dead bug 3 x 10 por lado
• → PLAN B sin gimnasio: la misma lista con mancuernas o peso corporal lastrado.
• → bici o caminar 5 min + estiramiento 5 min + proteína en 30 min","Rutina diaria (8 min): movilidad de tobillo 2' · 90/90 de cadera 2' · puente de glúteo x15 · plancha 45"" · respiración diafragmática 2'","Primera sesión a ritmo de carrera real: 3:23/km. Ese ritmo en CDMX equivale a 3:12/km a nivel del mar. Si no puedes con 6, haz 5 bien y anótalo."
2026-12-25,Viernes,Semana 13 · Empieza lo específico,Fase 4: Específico 5K,Recuperación,4 km,≥5:08,Z1 regenerativo (≤140),"[C1]
1. Movilidad dinámica 5 min: círculos de cadera · balanceo frontal 10/lado · balanceo lateral 10/lado · círculos de tobillo · rotación de tronco
2. Caminar rápido 3 min
3. Arrancar 40 s/km más lento que el objetivo y subir progresivo. FC del primer km SIEMPRE ≤140
4. ⚑ En día fácil no hacen falta drills ni rectas. El trote es el calentamiento.","Recuperación
Volumen: 4 km
Ritmo: ≥5:08
Zona: Z1 regenerativo (≤140)","[VC1]
1. Bajar el ritmo naturalmente los últimos 5 min
2. Caminar 3 min
3. Estiramiento suave 30 s c/u: isquios · cuádriceps · gemelo · sóleo · flexor de cadera · glúteo",,"Rutina diaria (8 min): movilidad de tobillo 2' · 90/90 de cadera 2' · puente de glúteo x15 · plancha 45"" · respiración diafragmática 2'","Regenerativo estricto. FC techo 140: si la pasas, caminas. Nada de 'me sentí bien'."
2026-12-26,Sábado,Semana 13 · Empieza lo específico,Fase 4: Específico 5K,FONDO + final progresivo,20 km,4:40-5:06 + últimos 4 km en 4:00-4:38,Z2 base aerobica (141-152) → Z3 (153-174),"[C3]
1. Movilidad dinámica 5 min con énfasis en cadera y tobillo
2. Los primeros 3 km del fondo en ≥5:08 — FC ≤140
3. ⚑ Esos 3 km CUENTAN dentro del volumen. Nunca salgas a ritmo de fondo desde el km 1.","FONDO + final progresivo
Volumen: 20 km
Ritmo: 4:40-5:06 + últimos 4 km en 4:00-4:38
Zona: Z2 base aerobica (141-152) → Z3 (153-174)","[VC3]
1. Último km trotando suave después del tramo progresivo
2. Caminar 5 min + hidratar con electrolitos
3. Estiramiento 6 min · piernas en alto contra la pared 5 min
4. Comida completa dentro de los 30-45 min. En fondos de 22+ km, 60-80 g de carbohidrato DURANTE.",,"Rutina diaria (8 min): movilidad de tobillo 2' · 90/90 de cadera 2' · puente de glúteo x15 · plancha 45"" · respiración diafragmática 2'","Los últimos 4 km entran en Z3 por FC, no por ritmo: el ritmo es la consecuencia."
2026-12-27,Domingo,Semana 13 · Empieza lo específico,Fase 4: Específico 5K,CUESTAS cortas,7 km total,8 x 20 s,N neuromuscular (FC no aplica),"[C4]
1. Movilidad dinámica 5 min
2. Trote 15 min en Z1 (≤140) — llega a la cuesta caliente de verdad
3. Drills 4 min + 3 rectas progresivas en llano
4. 2 subidas de aproximación: una al 70% y otra al 85%
5. ⚑ CRÍTICO: nunca arranques a máximo en frío. El riesgo de isquios es real.","CUESTAS cortas
Volumen: 7 km total
Ritmo: 8 x 20 s
Zona: N neuromuscular (FC no aplica)
Descanso: Bajar caminando.","[VC4]
1. Trote suave 8-10 min
2. Estiramiento con énfasis en isquios y gemelos
3. ⚑ Los esfuerzos máximos cargan el tendón. No te lo saltes.","FUERZA B — Pliometría + Core (35 min) · Comando Fuerza
• Sesión guiada en Comando Fuerza. Hoy toca PLIOMETRÍA: salto y rebote, calidad de gesto. Si se degrada la técnica se corta la serie — no se completa por completarla.
• Salto al cajón 4 x 5 (40-50 cm)
• Salto con contramovimiento 3 x 6
• Bounding / multisaltos 4 x 20 m
• Peso muerto a 1 pierna 3 x 8 por pierna
• Puente de glúteo a 1 pierna 3 x 12 · Pallof press 3 x 10 por lado
• Plancha lateral 3 x 30 s por lado
• → PLAN B sin gimnasio: todo esto sale en un parque, sin material.
• → bici o caminar 5 min + estiramiento 5 min + proteína en 30 min","Rutina diaria (8 min): movilidad de tobillo 2' · 90/90 de cadera 2' · puente de glúteo x15 · plancha 45"" · respiración diafragmática 2'",Mantenimiento.
2026-12-28,Lunes,Semana 14 · Específico + umbral,Fase 4: Específico 5K,Recuperación,9 km,≥5:08,Z1 regenerativo (≤140),"[C1]
1. Movilidad dinámica 5 min: círculos de cadera · balanceo frontal 10/lado · balanceo lateral 10/lado · círculos de tobillo · rotación de tronco
2. Caminar rápido 3 min
3. Arrancar 40 s/km más lento que el objetivo y subir progresivo. FC del primer km SIEMPRE ≤140
4. ⚑ En día fácil no hacen falta drills ni rectas. El trote es el calentamiento.","Recuperación
Volumen: 9 km
Ritmo: ≥5:08
Zona: Z1 regenerativo (≤140)","[VC1]
1. Bajar el ritmo naturalmente los últimos 5 min
2. Caminar 3 min
3. Estiramiento suave 30 s c/u: isquios · cuádriceps · gemelo · sóleo · flexor de cadera · glúteo",,"Rutina diaria (8 min): movilidad de tobillo 2' · 90/90 de cadera 2' · puente de glúteo x15 · plancha 45"" · respiración diafragmática 2'","Regenerativo estricto. FC techo 140: si la pasas, caminas. Nada de 'me sentí bien'."
2026-12-29,Martes,Semana 14 · Específico + umbral,Fase 4: Específico 5K,DOBLE UMBRAL — 1ª sesión (AM),13 km total,5 x 8 min a 3:48-3:59,Z4 sub-umbral (175-182),"[C2]
1. Movilidad dinámica 5 min
2. Trote progresivo 15-18 min terminando en 4:40-5:06. FC no debe pasar 152
3. Drills 5 min: skipping A 2x20 m · skipping B 2x20 m · talón-glúteo 2x20 m · carioca 2x20 m · taloneo rápido 2x20 m
4. 4 rectas progresivas de 80 m — la última al 95% del ritmo de la sesión. Vuelta caminando
5. Pausa 2-3 min: hidratar y respirar
6. ⚑ Si la primera repetición es la más rápida del día, calentaste mal o salió demasiado fuerte.","DOBLE UMBRAL — 1ª sesión (AM)
Volumen: 13 km total
Ritmo: 5 x 8 min a 3:48-3:59
Zona: Z4 sub-umbral (175-182)
Descanso: 90 s de trote.","[VC2]
1. Trote MUY suave 10-12 min — FC por debajo de 140
2. Caminar 3 min
3. Estiramiento estático 6 min (30-45 s por músculo)
4. Foam roller 5 min: cuádriceps · banda iliotibial · gemelos · glúteos
5. Proteína + carbohidrato dentro de los 45 min
6. ⚑ Saltártela es la razón #1 de que un martes duro arruine el miércoles.","2ª SESIÓN DE UMBRAL — 4 x 5 min a 3:39-3:47
• Volumen total 8 km con calentamiento y vuelta a la calma incluidos
• FC techo 189. Si la pasas, acortas la rep — no la aguantes.
• Control sin lactómetro: FC 183-189, 2-3 palabras seguidas como máximo. La FC debe estabilizarse en los primeros 90 s de cada rep y no subir más de 3 lpm entre la rep 2 y la última.
• ⚑ Esta sesión existe porque el estímulo de umbral se acumula mejor partido en dos que junto en una.","Rutina diaria (8 min): movilidad de tobillo 2' · 90/90 de cadera 2' · puente de glúteo x15 · plancha 45"" · respiración diafragmática 2'",Vuelve el doble umbral una última vez: mantiene el motor mientras lo específico sube.
2026-12-30,Miércoles,Semana 14 · Específico + umbral,Fase 4: Específico 5K,Rodaje base + 6 rectas,12 km,4:40-5:06,Z2 base aerobica (141-152),"[C1]
1. Movilidad dinámica 5 min: círculos de cadera · balanceo frontal 10/lado · balanceo lateral 10/lado · círculos de tobillo · rotación de tronco
2. Caminar rápido 3 min
3. Arrancar 40 s/km más lento que el objetivo y subir progresivo. FC del primer km SIEMPRE ≤140
4. ⚑ En día fácil no hacen falta drills ni rectas. El trote es el calentamiento.","Rodaje base + 6 rectas
Volumen: 12 km
Ritmo: 4:40-5:06
Zona: Z2 base aerobica (141-152)","[VC1]
1. Bajar el ritmo naturalmente los últimos 5 min
2. Caminar 3 min
3. Estiramiento suave 30 s c/u: isquios · cuádriceps · gemelo · sóleo · flexor de cadera · glúteo",,"Rutina diaria (8 min): movilidad de tobillo 2' · 90/90 de cadera 2' · puente de glúteo x15 · plancha 45"" · respiración diafragmática 2'","El grueso del volumen vive aquí. FC techo 152. Terminar con 6 rectas de 100 m en progresión, vuelta caminando."
2026-12-31,Jueves,Semana 14 · Específico + umbral,Fase 4: Específico 5K,ESPECÍFICO 5K — reps largas,13 km total,4 x 1600 m a 3:24,Z6 vo2max (190-190),"[C2]
1. Movilidad dinámica 5 min
2. Trote progresivo 15-18 min terminando en 4:40-5:06. FC no debe pasar 152
3. Drills 5 min: skipping A 2x20 m · skipping B 2x20 m · talón-glúteo 2x20 m · carioca 2x20 m · taloneo rápido 2x20 m
4. 4 rectas progresivas de 80 m — la última al 95% del ritmo de la sesión. Vuelta caminando
5. Pausa 2-3 min: hidratar y respirar
6. ⚑ Si la primera repetición es la más rápida del día, calentaste mal o salió demasiado fuerte.","ESPECÍFICO 5K — reps largas
Volumen: 13 km total
Ritmo: 4 x 1600 m a 3:24
Zona: Z6 vo2max (190-190)
Descanso: 3 min de trote.","[VC2]
1. Trote MUY suave 10-12 min — FC por debajo de 140
2. Caminar 3 min
3. Estiramiento estático 6 min (30-45 s por músculo)
4. Foam roller 5 min: cuádriceps · banda iliotibial · gemelos · glúteos
5. Proteína + carbohidrato dentro de los 45 min
6. ⚑ Saltártela es la razón #1 de que un martes duro arruine el miércoles.","FUERZA A — Máxima (45 min) · Comando Fuerza
• Sesión guiada en Comando Fuerza. Lo que hoy necesita el bloque es FUERZA MÁXIMA: carga alta, pocas repeticiones, descanso largo. Nada de circuitos con poco peso y muchas reps.
• Sentadilla trasera 4 x 5 @ 80-85% 1RM
• Peso muerto rumano 3 x 6 @ 75-80%
• Zancada con mancuernas 3 x 8 por pierna
• Elevación de gemelo a 1 pierna 3 x 12
• Plancha frontal 3 x 45 s · Dead bug 3 x 10 por lado
• → PLAN B sin gimnasio: la misma lista con mancuernas o peso corporal lastrado.
• → bici o caminar 5 min + estiramiento 5 min + proteína en 30 min","Rutina diaria (8 min): movilidad de tobillo 2' · 90/90 de cadera 2' · puente de glúteo x15 · plancha 45"" · respiración diafragmática 2'",1600 m a 3:24/km. Cuatro reps = 6.4 km a ritmo de carrera: más que la carrera entera.
2027-01-01,Viernes,Semana 14 · Específico + umbral,Fase 4: Específico 5K,Recuperación,4 km,≥5:08,Z1 regenerativo (≤140),"[C1]
1. Movilidad dinámica 5 min: círculos de cadera · balanceo frontal 10/lado · balanceo lateral 10/lado · círculos de tobillo · rotación de tronco
2. Caminar rápido 3 min
3. Arrancar 40 s/km más lento que el objetivo y subir progresivo. FC del primer km SIEMPRE ≤140
4. ⚑ En día fácil no hacen falta drills ni rectas. El trote es el calentamiento.","Recuperación
Volumen: 4 km
Ritmo: ≥5:08
Zona: Z1 regenerativo (≤140)","[VC1]
1. Bajar el ritmo naturalmente los últimos 5 min
2. Caminar 3 min
3. Estiramiento suave 30 s c/u: isquios · cuádriceps · gemelo · sóleo · flexor de cadera · glúteo",,"Rutina diaria (8 min): movilidad de tobillo 2' · 90/90 de cadera 2' · puente de glúteo x15 · plancha 45"" · respiración diafragmática 2'","Regenerativo estricto. FC techo 140: si la pasas, caminas. Nada de 'me sentí bien'."
2027-01-02,Sábado,Semana 14 · Específico + umbral,Fase 4: Específico 5K,FONDO + final progresivo,18 km,4:40-5:06 + últimos 4 km en 4:00-4:38,Z2 base aerobica (141-152) → Z3 (153-174),"[C3]
1. Movilidad dinámica 5 min con énfasis en cadera y tobillo
2. Los primeros 3 km del fondo en ≥5:08 — FC ≤140
3. ⚑ Esos 3 km CUENTAN dentro del volumen. Nunca salgas a ritmo de fondo desde el km 1.","FONDO + final progresivo
Volumen: 18 km
Ritmo: 4:40-5:06 + últimos 4 km en 4:00-4:38
Zona: Z2 base aerobica (141-152) → Z3 (153-174)","[VC3]
1. Último km trotando suave después del tramo progresivo
2. Caminar 5 min + hidratar con electrolitos
3. Estiramiento 6 min · piernas en alto contra la pared 5 min
4. Comida completa dentro de los 30-45 min. En fondos de 22+ km, 60-80 g de carbohidrato DURANTE.",,"Rutina diaria (8 min): movilidad de tobillo 2' · 90/90 de cadera 2' · puente de glúteo x15 · plancha 45"" · respiración diafragmática 2'","Los últimos 4 km entran en Z3 por FC, no por ritmo: el ritmo es la consecuencia."
2027-01-03,Domingo,Semana 14 · Específico + umbral,Fase 4: Específico 5K,CUESTAS cortas,6 km total,6 x 20 s,N neuromuscular (FC no aplica),"[C4]
1. Movilidad dinámica 5 min
2. Trote 15 min en Z1 (≤140) — llega a la cuesta caliente de verdad
3. Drills 4 min + 3 rectas progresivas en llano
4. 2 subidas de aproximación: una al 70% y otra al 85%
5. ⚑ CRÍTICO: nunca arranques a máximo en frío. El riesgo de isquios es real.","CUESTAS cortas
Volumen: 6 km total
Ritmo: 6 x 20 s
Zona: N neuromuscular (FC no aplica)
Descanso: Bajar caminando.","[VC4]
1. Trote suave 8-10 min
2. Estiramiento con énfasis en isquios y gemelos
3. ⚑ Los esfuerzos máximos cargan el tendón. No te lo saltes.","FUERZA B — Pliometría + Core (35 min) · Comando Fuerza
• Sesión guiada en Comando Fuerza. Hoy toca PLIOMETRÍA: salto y rebote, calidad de gesto. Si se degrada la técnica se corta la serie — no se completa por completarla.
• Salto al cajón 4 x 5 (40-50 cm)
• Salto con contramovimiento 3 x 6
• Bounding / multisaltos 4 x 20 m
• Peso muerto a 1 pierna 3 x 8 por pierna
• Puente de glúteo a 1 pierna 3 x 12 · Pallof press 3 x 10 por lado
• Plancha lateral 3 x 30 s por lado
• → PLAN B sin gimnasio: todo esto sale en un parque, sin material.
• → bici o caminar 5 min + estiramiento 5 min + proteína en 30 min","Rutina diaria (8 min): movilidad de tobillo 2' · 90/90 de cadera 2' · puente de glúteo x15 · plancha 45"" · respiración diafragmática 2'",Corto.
2027-01-04,Lunes,Semana 15 · Simulación de carrera,Fase 4: Específico 5K,Recuperación,8 km,≥5:08,Z1 regenerativo (≤140),"[C1]
1. Movilidad dinámica 5 min: círculos de cadera · balanceo frontal 10/lado · balanceo lateral 10/lado · círculos de tobillo · rotación de tronco
2. Caminar rápido 3 min
3. Arrancar 40 s/km más lento que el objetivo y subir progresivo. FC del primer km SIEMPRE ≤140
4. ⚑ En día fácil no hacen falta drills ni rectas. El trote es el calentamiento.","Recuperación
Volumen: 8 km
Ritmo: ≥5:08
Zona: Z1 regenerativo (≤140)","[VC1]
1. Bajar el ritmo naturalmente los últimos 5 min
2. Caminar 3 min
3. Estiramiento suave 30 s c/u: isquios · cuádriceps · gemelo · sóleo · flexor de cadera · glúteo",,"Rutina diaria (8 min): movilidad de tobillo 2' · 90/90 de cadera 2' · puente de glúteo x15 · plancha 45"" · respiración diafragmática 2'","Regenerativo estricto. FC techo 140: si la pasas, caminas. Nada de 'me sentí bien'."
2027-01-05,Martes,Semana 15 · Simulación de carrera,Fase 4: Específico 5K,SUB-UMBRAL de mantenimiento,12 km total,5 x 6 min a 3:48-3:59,Z4 sub-umbral (175-182),"[C2]
1. Movilidad dinámica 5 min
2. Trote progresivo 15-18 min terminando en 4:40-5:06. FC no debe pasar 152
3. Drills 5 min: skipping A 2x20 m · skipping B 2x20 m · talón-glúteo 2x20 m · carioca 2x20 m · taloneo rápido 2x20 m
4. 4 rectas progresivas de 80 m — la última al 95% del ritmo de la sesión. Vuelta caminando
5. Pausa 2-3 min: hidratar y respirar
6. ⚑ Si la primera repetición es la más rápida del día, calentaste mal o salió demasiado fuerte.","SUB-UMBRAL de mantenimiento
Volumen: 12 km total
Ritmo: 5 x 6 min a 3:48-3:59
Zona: Z4 sub-umbral (175-182)
Descanso: 1 min de trote.","[VC2]
1. Trote MUY suave 10-12 min — FC por debajo de 140
2. Caminar 3 min
3. Estiramiento estático 6 min (30-45 s por músculo)
4. Foam roller 5 min: cuádriceps · banda iliotibial · gemelos · glúteos
5. Proteína + carbohidrato dentro de los 45 min
6. ⚑ Saltártela es la razón #1 de que un martes duro arruine el miércoles.",,"Rutina diaria (8 min): movilidad de tobillo 2' · 90/90 de cadera 2' · puente de glúteo x15 · plancha 45"" · respiración diafragmática 2'",Mantener el motor mientras lo específico manda.
2027-01-06,Miércoles,Semana 15 · Simulación de carrera,Fase 4: Específico 5K,Rodaje base + 6 rectas,11 km,4:40-5:06,Z2 base aerobica (141-152),"[C1]
1. Movilidad dinámica 5 min: círculos de cadera · balanceo frontal 10/lado · balanceo lateral 10/lado · círculos de tobillo · rotación de tronco
2. Caminar rápido 3 min
3. Arrancar 40 s/km más lento que el objetivo y subir progresivo. FC del primer km SIEMPRE ≤140
4. ⚑ En día fácil no hacen falta drills ni rectas. El trote es el calentamiento.","Rodaje base + 6 rectas
Volumen: 11 km
Ritmo: 4:40-5:06
Zona: Z2 base aerobica (141-152)","[VC1]
1. Bajar el ritmo naturalmente los últimos 5 min
2. Caminar 3 min
3. Estiramiento suave 30 s c/u: isquios · cuádriceps · gemelo · sóleo · flexor de cadera · glúteo",,"Rutina diaria (8 min): movilidad de tobillo 2' · 90/90 de cadera 2' · puente de glúteo x15 · plancha 45"" · respiración diafragmática 2'","El grueso del volumen vive aquí. FC techo 152. Terminar con 6 rectas de 100 m en progresión, vuelta caminando."
2027-01-07,Jueves,Semana 15 · Simulación de carrera,Fase 4: Específico 5K,SIMULACIÓN 5K PARTIDO,13 km total,2000 + 1600 + 1000 + 400 a 3:23,Z6 vo2max (190-190),"[C2]
1. Movilidad dinámica 5 min
2. Trote progresivo 15-18 min terminando en 4:40-5:06. FC no debe pasar 152
3. Drills 5 min: skipping A 2x20 m · skipping B 2x20 m · talón-glúteo 2x20 m · carioca 2x20 m · taloneo rápido 2x20 m
4. 4 rectas progresivas de 80 m — la última al 95% del ritmo de la sesión. Vuelta caminando
5. Pausa 2-3 min: hidratar y respirar
6. ⚑ Si la primera repetición es la más rápida del día, calentaste mal o salió demasiado fuerte.","SIMULACIÓN 5K PARTIDO
Volumen: 13 km total
Ritmo: 2000 + 1600 + 1000 + 400 a 3:23
Zona: Z6 vo2max (190-190)
Descanso: 3 min · 2:30 · 2 min de trote.","[VC2]
1. Trote MUY suave 10-12 min — FC por debajo de 140
2. Caminar 3 min
3. Estiramiento estático 6 min (30-45 s por músculo)
4. Foam roller 5 min: cuádriceps · banda iliotibial · gemelos · glúteos
5. Proteína + carbohidrato dentro de los 45 min
6. ⚑ Saltártela es la razón #1 de que un martes duro arruine el miércoles.","FUERZA A — Máxima (45 min) · Comando Fuerza
• Sesión guiada en Comando Fuerza. Lo que hoy necesita el bloque es FUERZA MÁXIMA: carga alta, pocas repeticiones, descanso largo. Nada de circuitos con poco peso y muchas reps.
• Sentadilla trasera 4 x 5 @ 80-85% 1RM
• Peso muerto rumano 3 x 6 @ 75-80%
• Zancada con mancuernas 3 x 8 por pierna
• Elevación de gemelo a 1 pierna 3 x 12
• Plancha frontal 3 x 45 s · Dead bug 3 x 10 por lado
• → PLAN B sin gimnasio: la misma lista con mancuernas o peso corporal lastrado.
• → bici o caminar 5 min + estiramiento 5 min + proteína en 30 min","Rutina diaria (8 min): movilidad de tobillo 2' · 90/90 de cadera 2' · puente de glúteo x15 · plancha 45"" · respiración diafragmática 2'",La sesión más específica del bloque: 5000 m a ritmo objetivo partidos en cuatro. Recuperación decreciente (3' · 2'30 · 2'). El 400 final a 3:15: así se cierra una carrera.
2027-01-08,Viernes,Semana 15 · Simulación de carrera,Fase 4: Específico 5K,Recuperación,4 km,≥5:08,Z1 regenerativo (≤140),"[C1]
1. Movilidad dinámica 5 min: círculos de cadera · balanceo frontal 10/lado · balanceo lateral 10/lado · círculos de tobillo · rotación de tronco
2. Caminar rápido 3 min
3. Arrancar 40 s/km más lento que el objetivo y subir progresivo. FC del primer km SIEMPRE ≤140
4. ⚑ En día fácil no hacen falta drills ni rectas. El trote es el calentamiento.","Recuperación
Volumen: 4 km
Ritmo: ≥5:08
Zona: Z1 regenerativo (≤140)","[VC1]
1. Bajar el ritmo naturalmente los últimos 5 min
2. Caminar 3 min
3. Estiramiento suave 30 s c/u: isquios · cuádriceps · gemelo · sóleo · flexor de cadera · glúteo",,"Rutina diaria (8 min): movilidad de tobillo 2' · 90/90 de cadera 2' · puente de glúteo x15 · plancha 45"" · respiración diafragmática 2'","Regenerativo estricto. FC techo 140: si la pasas, caminas. Nada de 'me sentí bien'."
2027-01-09,Sábado,Semana 15 · Simulación de carrera,Fase 4: Específico 5K,TEST B — Deriva aeróbica (confirmación de LT1),18 km total,10 min progresivos + 60 min clavado a la FC de LT1 (153 lpm),FC fija 153,"[C5]
1. Movilidad dinámica 6 min
2. Trote 18 min: 12 min Z1 + 6 min subiendo a Z2
3. Drills 5 min + 5 rectas de 80 m, la última a ritmo objetivo
4. Sentarse 3 min. Banda de pecho colocada y señal comprobada ANTES de arrancar
5. ⚑ Protocolo idéntico cada vez que repitas el test: misma pista, misma hora, mismo desayuno.","TEST B — Deriva aeróbica (confirmación de LT1)
Volumen: 18 km total
Ritmo: 10 min progresivos + 60 min clavado a la FC de LT1 (153 lpm)
Zona: FC fija 153
· 10 min progresivos hasta la FC objetivo. Esos 10 min NO cuentan para el cálculo.
· 60 min continuos CLAVADO a una FC fija. Primer intento: 165 lpm (LT2 − 18).
· Auto-lap cada 15 min. Se corre por FC, no por ritmo: que el ritmo baje solo es exactamente lo que se mide.
· Partir los 60 min en dos mitades de 30 y calcular: razón = velocidad media / FC media de cada mitad.
· Deriva % = (razón_1 − razón_2) / razón_1 × 100.
· Menos del 5 % → estás en o por debajo de LT1: sube 3 lpm y repite. Más del 5 % → estás por encima: baja 3-4 lpm.
· LT1 = la FC más alta que todavía deja la deriva por debajo del 5 %.
· Cálculo automático: python3 zonas.py --deriva <ritmo1> <fc1> <ritmo2> <fc2>
· Prueba del habla en la misma sesión: LT1 es lo más rápido donde aún dices una frase entera cómoda.","[VC2]
1. Trote MUY suave 10-12 min — FC por debajo de 140
2. Caminar 3 min
3. Estiramiento estático 6 min (30-45 s por músculo)
4. Foam roller 5 min: cuádriceps · banda iliotibial · gemelos · glúteos
5. Proteína + carbohidrato dentro de los 45 min
6. ⚑ Saltártela es la razón #1 de que un martes duro arruine el miércoles.",,"Rutina diaria (8 min): movilidad de tobillo 2' · 90/90 de cadera 2' · puente de glúteo x15 · plancha 45"" · respiración diafragmática 2'","Última comprobación del bloque, y de nuevo hace de fondo. Si a la FC de LT1 la deriva sigue por debajo del 5 %, el umbral aeróbico subió y con él todo el sistema aeróbico."
2027-01-10,Domingo,Semana 15 · Simulación de carrera,Fase 4: Específico 5K,CUESTAS cortas,7 km total,6 x 20 s,N neuromuscular (FC no aplica),"[C4]
1. Movilidad dinámica 5 min
2. Trote 15 min en Z1 (≤140) — llega a la cuesta caliente de verdad
3. Drills 4 min + 3 rectas progresivas en llano
4. 2 subidas de aproximación: una al 70% y otra al 85%
5. ⚑ CRÍTICO: nunca arranques a máximo en frío. El riesgo de isquios es real.","CUESTAS cortas
Volumen: 7 km total
Ritmo: 6 x 20 s
Zona: N neuromuscular (FC no aplica)
Descanso: Bajar caminando.","[VC4]
1. Trote suave 8-10 min
2. Estiramiento con énfasis en isquios y gemelos
3. ⚑ Los esfuerzos máximos cargan el tendón. No te lo saltes.","FUERZA B — Pliometría + Core (35 min) · Comando Fuerza
• Sesión guiada en Comando Fuerza. Hoy toca PLIOMETRÍA: salto y rebote, calidad de gesto. Si se degrada la técnica se corta la serie — no se completa por completarla.
• Salto al cajón 4 x 5 (40-50 cm)
• Salto con contramovimiento 3 x 6
• Bounding / multisaltos 4 x 20 m
• Peso muerto a 1 pierna 3 x 8 por pierna
• Puente de glúteo a 1 pierna 3 x 12 · Pallof press 3 x 10 por lado
• Plancha lateral 3 x 30 s por lado
• → PLAN B sin gimnasio: todo esto sale en un parque, sin material.
• → bici o caminar 5 min + estiramiento 5 min + proteína en 30 min","Rutina diaria (8 min): movilidad de tobillo 2' · 90/90 de cadera 2' · puente de glúteo x15 · plancha 45"" · respiración diafragmática 2'",Muy suave.
2027-01-11,Lunes,Semana 16 · Afinado + test final,Fase 4: Específico 5K,Recuperación,5 km,≥5:08,Z1 regenerativo (≤140),"[C1]
1. Movilidad dinámica 5 min: círculos de cadera · balanceo frontal 10/lado · balanceo lateral 10/lado · círculos de tobillo · rotación de tronco
2. Caminar rápido 3 min
3. Arrancar 40 s/km más lento que el objetivo y subir progresivo. FC del primer km SIEMPRE ≤140
4. ⚑ En día fácil no hacen falta drills ni rectas. El trote es el calentamiento.","Recuperación
Volumen: 5 km
Ritmo: ≥5:08
Zona: Z1 regenerativo (≤140)","[VC1]
1. Bajar el ritmo naturalmente los últimos 5 min
2. Caminar 3 min
3. Estiramiento suave 30 s c/u: isquios · cuádriceps · gemelo · sóleo · flexor de cadera · glúteo",,"Rutina diaria (8 min): movilidad de tobillo 2' · 90/90 de cadera 2' · puente de glúteo x15 · plancha 45"" · respiración diafragmática 2'","Regenerativo estricto. FC techo 140: si la pasas, caminas. Nada de 'me sentí bien'."
2027-01-12,Martes,Semana 16 · Afinado + test final,Fase 4: Específico 5K,SUB-UMBRAL de mantenimiento,11 km total,5 x 6 min a 3:48-3:59,Z4 sub-umbral (175-182),"[C2]
1. Movilidad dinámica 5 min
2. Trote progresivo 15-18 min terminando en 4:40-5:06. FC no debe pasar 152
3. Drills 5 min: skipping A 2x20 m · skipping B 2x20 m · talón-glúteo 2x20 m · carioca 2x20 m · taloneo rápido 2x20 m
4. 4 rectas progresivas de 80 m — la última al 95% del ritmo de la sesión. Vuelta caminando
5. Pausa 2-3 min: hidratar y respirar
6. ⚑ Si la primera repetición es la más rápida del día, calentaste mal o salió demasiado fuerte.","SUB-UMBRAL de mantenimiento
Volumen: 11 km total
Ritmo: 5 x 6 min a 3:48-3:59
Zona: Z4 sub-umbral (175-182)
Descanso: 1 min de trote.","[VC2]
1. Trote MUY suave 10-12 min — FC por debajo de 140
2. Caminar 3 min
3. Estiramiento estático 6 min (30-45 s por músculo)
4. Foam roller 5 min: cuádriceps · banda iliotibial · gemelos · glúteos
5. Proteína + carbohidrato dentro de los 45 min
6. ⚑ Saltártela es la razón #1 de que un martes duro arruine el miércoles.","FUERZA A — Máxima (45 min) · Comando Fuerza
• Sesión guiada en Comando Fuerza. Lo que hoy necesita el bloque es FUERZA MÁXIMA: carga alta, pocas repeticiones, descanso largo. Nada de circuitos con poco peso y muchas reps.
• Sentadilla trasera 4 x 5 @ 80-85% 1RM
• Peso muerto rumano 3 x 6 @ 75-80%
• Zancada con mancuernas 3 x 8 por pierna
• Elevación de gemelo a 1 pierna 3 x 12
• Plancha frontal 3 x 45 s · Dead bug 3 x 10 por lado
• → PLAN B sin gimnasio: la misma lista con mancuernas o peso corporal lastrado.
• → bici o caminar 5 min + estiramiento 5 min + proteína en 30 min","Rutina diaria (8 min): movilidad de tobillo 2' · 90/90 de cadera 2' · puente de glúteo x15 · plancha 45"" · respiración diafragmática 2'",Última sesión de fuerza del bloque es hoy (Fuerza B ligera). A partir de aquí solo movilidad.
2027-01-13,Miércoles,Semana 16 · Afinado + test final,Fase 4: Específico 5K,Rodaje base + 6 rectas,10 km,4:40-5:06,Z2 base aerobica (141-152),"[C1]
1. Movilidad dinámica 5 min: círculos de cadera · balanceo frontal 10/lado · balanceo lateral 10/lado · círculos de tobillo · rotación de tronco
2. Caminar rápido 3 min
3. Arrancar 40 s/km más lento que el objetivo y subir progresivo. FC del primer km SIEMPRE ≤140
4. ⚑ En día fácil no hacen falta drills ni rectas. El trote es el calentamiento.","Rodaje base + 6 rectas
Volumen: 10 km
Ritmo: 4:40-5:06
Zona: Z2 base aerobica (141-152)","[VC1]
1. Bajar el ritmo naturalmente los últimos 5 min
2. Caminar 3 min
3. Estiramiento suave 30 s c/u: isquios · cuádriceps · gemelo · sóleo · flexor de cadera · glúteo",,"Rutina diaria (8 min): movilidad de tobillo 2' · 90/90 de cadera 2' · puente de glúteo x15 · plancha 45"" · respiración diafragmática 2'","El grueso del volumen vive aquí. FC techo 152. Terminar con 6 rectas de 100 m en progresión, vuelta caminando."
2027-01-14,Jueves,Semana 16 · Afinado + test final,Fase 4: Específico 5K,TEST D — 3000 m contrarreloj FINAL,12 km total,A tope,máxima,"[C2]
1. Movilidad dinámica 5 min
2. Trote progresivo 15-18 min terminando en 4:40-5:06. FC no debe pasar 152
3. Drills 5 min: skipping A 2x20 m · skipping B 2x20 m · talón-glúteo 2x20 m · carioca 2x20 m · taloneo rápido 2x20 m
4. 4 rectas progresivas de 80 m — la última al 95% del ritmo de la sesión. Vuelta caminando
5. Pausa 2-3 min: hidratar y respirar
6. ⚑ Si la primera repetición es la más rápida del día, calentaste mal o salió demasiado fuerte.","TEST D — 3000 m contrarreloj FINAL
Volumen: 12 km total
Ritmo: A tope
Zona: máxima
· 3000 m a tope en pista. Parciales cada 400 m.
· Salir al ritmo que creas sostenible, no al que quieras: los primeros 400 m deciden el test.
· Anotar tiempo total, parciales, FC media, FC máxima y cadencia.
· Predicción de 5K a la misma altitud: T5K ≈ T3000 × 1.75.
· Es el marcador honesto del bloque: un test a tope no se puede sobre-ejecutar.","[VC2]
1. Trote MUY suave 10-12 min — FC por debajo de 140
2. Caminar 3 min
3. Estiramiento estático 6 min (30-45 s por músculo)
4. Foam roller 5 min: cuádriceps · banda iliotibial · gemelos · glúteos
5. Proteína + carbohidrato dentro de los 45 min
6. ⚑ Saltártela es la razón #1 de que un martes duro arruine el miércoles.",,"Rutina diaria (8 min): movilidad de tobillo 2' · 90/90 de cadera 2' · puente de glúteo x15 · plancha 45"" · respiración diafragmática 2'",Este test fija las bandas de carrera del 24 de enero. x1.75 = tu 5K en CDMX; -5.3% si la carrera es a nivel del mar.
2027-01-15,Viernes,Semana 16 · Afinado + test final,Fase 4: Específico 5K,Regenerativo — día ajustable,6 km,≥5:08,Z1 regenerativo (≤140),"[C1]
1. Movilidad dinámica 5 min: círculos de cadera · balanceo frontal 10/lado · balanceo lateral 10/lado · círculos de tobillo · rotación de tronco
2. Caminar rápido 3 min
3. Arrancar 40 s/km más lento que el objetivo y subir progresivo. FC del primer km SIEMPRE ≤140
4. ⚑ En día fácil no hacen falta drills ni rectas. El trote es el calentamiento.","Regenerativo — día ajustable
Volumen: 6 km
Ritmo: ≥5:08
Zona: Z1 regenerativo (≤140)","[VC1]
1. Bajar el ritmo naturalmente los últimos 5 min
2. Caminar 3 min
3. Estiramiento suave 30 s c/u: isquios · cuádriceps · gemelo · sóleo · flexor de cadera · glúteo","Movilidad 15 min · opcional en Comando Fuerza
• Solo movilidad y estiramiento. Cero carga.
• Es el tercer día de Comando Fuerza si lo quieres usar, pero sin tocar peso: el viernes existe para que el sábado haya fondo.","Rutina diaria (8 min): movilidad de tobillo 2' · 90/90 de cadera 2' · puente de glúteo x15 · plancha 45"" · respiración diafragmática 2'","DÍA AJUSTABLE. Regenerativo de verdad: FC por debajo de 140, y si dudas si vas demasiado suave, vas bien. Se puede cambiar por 40 min de bici o elíptica sin impacto. Y es el único día del plan que se puede convertir en descanso total sin recuperarlo: si el jueves salió mal, si dormiste mal o si algo molesta, hoy no corres y no pasa nada."
2027-01-16,Sábado,Semana 16 · Afinado + test final,Fase 4: Específico 5K,FONDO,16 km,4:40-5:06,Z2 base aerobica (141-152),"[C3]
1. Movilidad dinámica 5 min con énfasis en cadera y tobillo
2. Los primeros 3 km del fondo en ≥5:08 — FC ≤140
3. ⚑ Esos 3 km CUENTAN dentro del volumen. Nunca salgas a ritmo de fondo desde el km 1.","FONDO
Volumen: 16 km
Ritmo: 4:40-5:06
Zona: Z2 base aerobica (141-152)","[VC3]
1. Último km trotando suave después del tramo progresivo
2. Caminar 5 min + hidratar con electrolitos
3. Estiramiento 6 min · piernas en alto contra la pared 5 min
4. Comida completa dentro de los 30-45 min. En fondos de 22+ km, 60-80 g de carbohidrato DURANTE.",,"Rutina diaria (8 min): movilidad de tobillo 2' · 90/90 de cadera 2' · puente de glúteo x15 · plancha 45"" · respiración diafragmática 2'",Último fondo. Plano y alegre.
2027-01-17,Domingo,Semana 16 · Afinado + test final,Fase 4: Específico 5K,Recuperación,5 km,≥5:08,Z1 regenerativo (≤140),"[C1]
1. Movilidad dinámica 5 min: círculos de cadera · balanceo frontal 10/lado · balanceo lateral 10/lado · círculos de tobillo · rotación de tronco
2. Caminar rápido 3 min
3. Arrancar 40 s/km más lento que el objetivo y subir progresivo. FC del primer km SIEMPRE ≤140
4. ⚑ En día fácil no hacen falta drills ni rectas. El trote es el calentamiento.","Recuperación
Volumen: 5 km
Ritmo: ≥5:08
Zona: Z1 regenerativo (≤140)","[VC1]
1. Bajar el ritmo naturalmente los últimos 5 min
2. Caminar 3 min
3. Estiramiento suave 30 s c/u: isquios · cuádriceps · gemelo · sóleo · flexor de cadera · glúteo",,"Rutina diaria (8 min): movilidad de tobillo 2' · 90/90 de cadera 2' · puente de glúteo x15 · plancha 45"" · respiración diafragmática 2'","Regenerativo estricto. FC techo 140: si la pasas, caminas. Nada de 'me sentí bien'."
2027-01-18,Lunes,Semana 17 · TAPER y CARRERA,Fase 5: Taper y carrera,Recuperación,5 km,≥5:08,Z1 regenerativo (≤140),"[C1]
1. Movilidad dinámica 5 min: círculos de cadera · balanceo frontal 10/lado · balanceo lateral 10/lado · círculos de tobillo · rotación de tronco
2. Caminar rápido 3 min
3. Arrancar 40 s/km más lento que el objetivo y subir progresivo. FC del primer km SIEMPRE ≤140
4. ⚑ En día fácil no hacen falta drills ni rectas. El trote es el calentamiento.","Recuperación
Volumen: 5 km
Ritmo: ≥5:08
Zona: Z1 regenerativo (≤140)","[VC1]
1. Bajar el ritmo naturalmente los últimos 5 min
2. Caminar 3 min
3. Estiramiento suave 30 s c/u: isquios · cuádriceps · gemelo · sóleo · flexor de cadera · glúteo",,"Rutina diaria (8 min): movilidad de tobillo 2' · 90/90 de cadera 2' · puente de glúteo x15 · plancha 45"" · respiración diafragmática 2'","Empieza el taper: volumen -35%, intensidad se mantiene. No inventes nada esta semana."
2027-01-19,Martes,Semana 17 · TAPER y CARRERA,Fase 5: Taper y carrera,AFILADO,9 km total,5 x 400 m a 3:19,Z6 vo2max (190-190),"[C2]
1. Movilidad dinámica 5 min
2. Trote progresivo 15-18 min terminando en 4:40-5:06. FC no debe pasar 152
3. Drills 5 min: skipping A 2x20 m · skipping B 2x20 m · talón-glúteo 2x20 m · carioca 2x20 m · taloneo rápido 2x20 m
4. 4 rectas progresivas de 80 m — la última al 95% del ritmo de la sesión. Vuelta caminando
5. Pausa 2-3 min: hidratar y respirar
6. ⚑ Si la primera repetición es la más rápida del día, calentaste mal o salió demasiado fuerte.","AFILADO
Volumen: 9 km total
Ritmo: 5 x 400 m a 3:19
Zona: Z6 vo2max (190-190)
Descanso: 2 min completos de trote.","[VC2]
1. Trote MUY suave 10-12 min — FC por debajo de 140
2. Caminar 3 min
3. Estiramiento estático 6 min (30-45 s por músculo)
4. Foam roller 5 min: cuádriceps · banda iliotibial · gemelos · glúteos
5. Proteína + carbohidrato dentro de los 45 min
6. ⚑ Saltártela es la razón #1 de que un martes duro arruine el miércoles.",,"Rutina diaria (8 min): movilidad de tobillo 2' · 90/90 de cadera 2' · puente de glúteo x15 · plancha 45"" · respiración diafragmática 2'","Recordar el ritmo, NO fatigar. Recuperación completa de 2 min. Debe sentirse fácil — y si se siente fácil, NO añadas repeticiones. Ese fue el error de septiembre."
2027-01-20,Miércoles,Semana 17 · TAPER y CARRERA,Fase 5: Taper y carrera,Rodaje base + 4 rectas,7 km,4:40-5:06,Z2 base aerobica (141-152),"[C1]
1. Movilidad dinámica 5 min: círculos de cadera · balanceo frontal 10/lado · balanceo lateral 10/lado · círculos de tobillo · rotación de tronco
2. Caminar rápido 3 min
3. Arrancar 40 s/km más lento que el objetivo y subir progresivo. FC del primer km SIEMPRE ≤140
4. ⚑ En día fácil no hacen falta drills ni rectas. El trote es el calentamiento.","Rodaje base + 4 rectas
Volumen: 7 km
Ritmo: 4:40-5:06
Zona: Z2 base aerobica (141-152)","[VC1]
1. Bajar el ritmo naturalmente los últimos 5 min
2. Caminar 3 min
3. Estiramiento suave 30 s c/u: isquios · cuádriceps · gemelo · sóleo · flexor de cadera · glúteo",,"Rutina diaria (8 min): movilidad de tobillo 2' · 90/90 de cadera 2' · puente de glúteo x15 · plancha 45"" · respiración diafragmática 2'",Suave con 4 rectas. FC techo Z1.
2027-01-21,Jueves,Semana 17 · TAPER y CARRERA,Fase 5: Taper y carrera,ACTIVACIÓN,6 km total,3 x 300 m a 3:19,Z6 vo2max (190-190),"[C2]
1. Movilidad dinámica 5 min
2. Trote progresivo 15-18 min terminando en 4:40-5:06. FC no debe pasar 152
3. Drills 5 min: skipping A 2x20 m · skipping B 2x20 m · talón-glúteo 2x20 m · carioca 2x20 m · taloneo rápido 2x20 m
4. 4 rectas progresivas de 80 m — la última al 95% del ritmo de la sesión. Vuelta caminando
5. Pausa 2-3 min: hidratar y respirar
6. ⚑ Si la primera repetición es la más rápida del día, calentaste mal o salió demasiado fuerte.","ACTIVACIÓN
Volumen: 6 km total
Ritmo: 3 x 300 m a 3:19
Zona: Z6 vo2max (190-190)
Descanso: 2 min de trote.","[VC2]
1. Trote MUY suave 10-12 min — FC por debajo de 140
2. Caminar 3 min
3. Estiramiento estático 6 min (30-45 s por músculo)
4. Foam roller 5 min: cuádriceps · banda iliotibial · gemelos · glúteos
5. Proteína + carbohidrato dentro de los 45 min
6. ⚑ Saltártela es la razón #1 de que un martes duro arruine el miércoles.",,"Rutina diaria (8 min): movilidad de tobillo 2' · 90/90 de cadera 2' · puente de glúteo x15 · plancha 45"" · respiración diafragmática 2'","Última sesión con ritmo. Ensaya AQUÍ el calentamiento completo de carrera, cronómetro en mano."
2027-01-22,Viernes,Semana 17 · TAPER y CARRERA,Fase 5: Taper y carrera,Regenerativo — día ajustable,4 km,≥5:08,Z1 regenerativo (≤140),"[C1]
1. Movilidad dinámica 5 min: círculos de cadera · balanceo frontal 10/lado · balanceo lateral 10/lado · círculos de tobillo · rotación de tronco
2. Caminar rápido 3 min
3. Arrancar 40 s/km más lento que el objetivo y subir progresivo. FC del primer km SIEMPRE ≤140
4. ⚑ En día fácil no hacen falta drills ni rectas. El trote es el calentamiento.","Regenerativo — día ajustable
Volumen: 4 km
Ritmo: ≥5:08
Zona: Z1 regenerativo (≤140)","[VC1]
1. Bajar el ritmo naturalmente los últimos 5 min
2. Caminar 3 min
3. Estiramiento suave 30 s c/u: isquios · cuádriceps · gemelo · sóleo · flexor de cadera · glúteo","Movilidad 15 min · opcional en Comando Fuerza
• Solo movilidad y estiramiento. Cero carga.
• Es el tercer día de Comando Fuerza si lo quieres usar, pero sin tocar peso: el viernes existe para que el sábado haya fondo.","Rutina diaria (8 min): movilidad de tobillo 2' · 90/90 de cadera 2' · puente de glúteo x15 · plancha 45"" · respiración diafragmática 2'","DÍA AJUSTABLE. Regenerativo de verdad: FC por debajo de 140, y si dudas si vas demasiado suave, vas bien. Se puede cambiar por 40 min de bici o elíptica sin impacto. Y es el único día del plan que se puede convertir en descanso total sin recuperarlo: si el jueves salió mal, si dormiste mal o si algo molesta, hoy no corres y no pasa nada."
2027-01-23,Sábado,Semana 17 · TAPER y CARRERA,Fase 5: Taper y carrera,Trote pre-carrera + rectas,4 km + 4 x 80 m,Muy suave,Z1 regenerativo (≤140),"[C1]
1. Movilidad dinámica 5 min: círculos de cadera · balanceo frontal 10/lado · balanceo lateral 10/lado · círculos de tobillo · rotación de tronco
2. Caminar rápido 3 min
3. Arrancar 40 s/km más lento que el objetivo y subir progresivo. FC del primer km SIEMPRE ≤140
4. ⚑ En día fácil no hacen falta drills ni rectas. El trote es el calentamiento.","Trote pre-carrera + rectas
Volumen: 4 km + 4 x 80 m
Ritmo: Muy suave
Zona: Z1 regenerativo (≤140)","[VC1]
1. Bajar el ritmo naturalmente los últimos 5 min
2. Caminar 3 min
3. Estiramiento suave 30 s c/u: isquios · cuádriceps · gemelo · sóleo · flexor de cadera · glúteo",,"Rutina diaria (8 min): movilidad de tobillo 2' · 90/90 de cadera 2' · puente de glúteo x15 · plancha 45"" · respiración diafragmática 2'","Soltar nervios. Ropa, dorsal, alfileres, desayuno y gel listos HOY, no mañana."
2027-01-24,Domingo,Semana 17 · TAPER y CARRERA,Fase 5: Taper y carrera,🏁 CARRERA 5K — Reforma,5 km,3:23/km de media · NO en parciales iguales,máxima,"[C6]
1. T-45 min · Movilidad dinámica 6 min
2. T-38 min · Trote progresivo 15 min
3. T-22 min · Drills técnicos 4 min
4. T-16 min · 4 rectas de 80 m — la última EXACTAMENTE a 3:23/km
5. T-9 min · Caminar, respirar, últimos sorbos de agua, quitar ropa extra
6. T-3 min · A la línea + 2 aceleraciones cortas
7. ⚑ Nada nuevo el día de la carrera. Todo esto se ensaya el martes y el jueves previos.","🏁 CARRERA 5K — Reforma
Volumen: 5 km
Ritmo: 3:23/km de media · NO en parciales iguales
Zona: máxima","[VC6]
1. Caminar 5 min INMEDIATAMENTE al cruzar la meta — no te sientes
2. Trote muy suave 10 min
3. Estiramiento + hidratación con electrolitos
4. Anotar en el mismo día: parciales, FC media/máxima, sensación por km. Se olvida en 48 h.",,"Rutina diaria (8 min): movilidad de tobillo 2' · 90/90 de cadera 2' · puente de glúteo x15 · plancha 45"" · respiración diafragmática 2'",Mismo circuito del 20 de septiembre: ida en subida (~25 m hasta el retorno del km 2.5) y vuelta en bajada. Los parciales NO deben ser iguales. Sal 4-6 s/km MÁS LENTO que el objetivo en los primeros 2.5 km y recupéralos en la bajada. El primer km nunca más rápido que 3:29. En septiembre la carrera no se perdió por falta de fitness: el modelo predecía 18:02 y corriste 17:47. Se perdió por una banda que los datos no sostenían. Esta vez sale del 3000 m del 14 de enero.

REGLAS DE ORO DEL BLOQUE
,"REGLA DEL TECHO — cada sesión tiene un techo de FC. Pasarlo más de 3 lpm durante más de 1 minuto INVALIDA la sesión, aunque el ritmo sea bueno. El bloque pasado se perdió por esto: 6x400 a 72.5 s cuando pedía 80-81, y 2x800 a 2:26.6 cuando pedía 2:39-2:42. Ir más rápido de lo prescrito no es disciplina: es cambiar de sesión."
,"El ritmo es la CONSECUENCIA, no el objetivo. En Z1-Z5 se corre por FC. Solo Z6 y N se corren por ritmo, porque a esas duraciones la FC llega tarde."
,"Si la última repetición no puede ser la más rápida de la serie, la sesión estuvo mal dosificada. Se corta y se anota."
,"60-70% de los kilómetros de cada semana van en Z1-Z2. Si esa proporción baja, el volumen no está construyendo nada."
,"Correr SIEMPRE antes de la pesa, con 4-6 h de separación. La fuerza MÁXIMA va el jueves, después de la calidad, para que el viernes regenerativo la absorba; la PLIOMETRÍA va el domingo con las cuestas, que ya es el día neuromuscular. Nunca en lunes, miércoles ni viernes: esos días existen para estar fáciles."
,"FUERZA GUIADA EN COMANDO FUERZA — 2 sesiones por semana con carga, más el viernes de movilidad sin peso: 3 de los 20 días del mes, unos 13. Los 7 que sobran NO son días perdidos, son el margen para recolocar una sesión cuando la semana se mueve. Una cuarta sesión con carga tendría que caer en lunes, miércoles o viernes, y esos días son los que absorben el umbral: ahí la fuerza resta, no suma."
,"Se entrena los 7 días, pero el VIERNES es el día ajustable: es el único que se puede convertir en descanso total sin recuperarlo, y el primero que se recorta cuando algo va mal. Los otros seis no se negocian."
,"La semana perdida cuesta más que la sesión perdida. Piso mínimo: 5 sesiones y 60% del volumen semanal, aunque todo salga mal."
,"Sin lactómetro, el control de la sesión de umbral es la DERIVA DE FC: la frecuencia debe estabilizarse dentro de la zona en los primeros 90 s de cada repetición, y entre la rep 2 y la última no debe subir más de 3 lpm al mismo ritmo. Si sube más, ibas por encima de LT2 aunque la media pareciera correcta."
,Si aparece molestia: se recorta el fondo antes que la calidad. Dos días de molestia seguidos = parar y revisar.
,"Los dobles regenerativos son volumen barato: si un doble se siente como entrenamiento, ibas demasiado rápido."
,"Todo umbral se mide a 2,240 m. A nivel del mar la misma FC da un ritmo 5-6% más rápido: se trasladan las FC, no los ritmos."
